Topic,Frequency,date,Name
-1,2751,5/8/2020,-1_work_country_well_done
0,886,5/8/2020,0_lim_wong_koh_chan
1,70,5/8/2020,1_parents_son_father_mother
2,188,5/8/2020,2_swag_wer_taxing_gether
3,25,5/8/2020,3_jail_court_justice_judge
4,135,5/8/2020,4_rice_food_cook_restaurant
5,53,5/8/2020,5_parliament_vote_mp_mps
6,50,5/8/2020,6_mask_wear_masks_face
7,21,5/8/2020,7_china_chinese_taiwan_korea
8,8,5/8/2020,8_salary_pay_wage_employers
9,283,5/8/2020,9_healthy_health_bless_wish
10,328,5/8/2020,10_singaporean_singaporeans_proud_blesse...
11,570,5/8/2020,11_birthday_happy_uk_happyy
12,13,5/8/2020,12_police_officers_taser_policemen
13,26,5/8/2020,13_news_media_cnn_reporting
14,58,5/8/2020,14_tour_ktv_place_tours
15,8,5/8/2020,15_flats_rental_rent_housing
16,51,5/8/2020,16_leader_leadership_leaders_great
17,12,5/8/2020,17_buy_sell_sale_selling
18,270,5/8/2020,18_singapura_song_singapor_sing
19,6,5/8/2020,19_condolences_family_condolence_rip
20,47,5/8/2020,20_car_driver_audi_driving
21,23,5/8/2020,21_play_time_soon_soccer
22,29,5/8/2020,22_covid_fight_control_importing
23,1,5/8/2020,23_america_congratulations_wins_congrats
24,23,5/8/2020,24_video_watch_fight_drama
25,339,5/8/2020,25_day_happy_spirit_reviving
26,36,5/8/2020,26_photos_photo_pictures_picture
27,5,5/8/2020,27_trump_bye_lose_america
28,16,5/8/2020,28_aircon_air_planes_airport
29,15,5/8/2020,29_pray_prayers_bless_prayer
30,89,5/8/2020,30_love_songs_romantic_candid
32,6,5/8/2020,32_mrs_trading_bitcoin_investing
33,16,5/8/2020,33_thank_appreciate_dedication_contribut...
34,262,5/8/2020,34_birthday_happy_birthdays_lovely
35,8,5/8/2020,35_imported_cases_import_importing
36,13,5/8/2020,36_money_bank_cash_banks
37,25,5/8/2020,37_laugh_funny_joke_laughing
38,2,5/8/2020,38_deepavali_wishing_wish_wishes
39,4,5/8/2020,39_japan_abe_san_japanese
40,18,5/8/2020,40_dogs_cats_pet_puppies
41,1,5/8/2020,41_girl_pray_praying_prayers
42,11,5/8/2020,42_singaporean_singaporeans_born_chinese
43,7,5/8/2020,43_music_sound_listen_sounds
44,29,5/8/2020,44_team_teams_thank_work
45,2,5/8/2020,45_stupid_dumb_idiots_stupidity
46,12,5/8/2020,46_shame_shameless_shameful_embarrassing
47,21,5/8/2020,47_pink_wear_colour_purple
48,7,5/8/2020,48_malaysia_brunei_indonesia_malaysian
49,6,5/8/2020,49_religion_islam_muslim_muslims
50,3,5/8/2020,50_boar_boars_animals_pig
52,11,5/8/2020,52_thank_thankyou_information_informativ...
54,4,5/8/2020,54_trees_tree_garden_plant
55,6,5/8/2020,55_speech_speeches_speaker_delivered
56,9,5/8/2020,56_virus_infected_viruses_spread
57,10,5/8/2020,57_smoke_smoking_cigarette_ban
58,37,5/8/2020,58_loong_hsien_dear_minister
59,2,5/8/2020,59_iphone_battery_earbuds_charge
61,13,5/8/2020,61_vaccine_vaccines_vaccination_vaccinat...
62,1,5/8/2020,62_cry_crying_tears_cried
63,27,5/8/2020,63_congratulations_congratulationsir_yea...
64,25,5/8/2020,64_sg_luck_sgag_sgunited
65,133,5/8/2020,65_ndp_parade_celebration_celebrations
66,43,5/8/2020,66_morning_nice_day_everyoneeeee
67,32,5/8/2020,67_smile_children_smiles_hug
68,1,5/8/2020,68_zoo_animals_safari_visited
69,8,5/8/2020,69_kindness_compassion_empathy_caring
70,15,5/8/2020,70_wishes_wish_wishing_family
71,21,5/8/2020,71_minister_prime_ministers_great
73,19,5/8/2020,73_wow_stunning_looking_looks
74,2,5/8/2020,74_mooncake_moon_lights_mooncakes
75,7,5/8/2020,75_rip_rbg_rips_ripped
76,3,5/8/2020,76_coast_plan_planner_plans
77,5,5/8/2020,77_never_nothing_stupid_nope
78,6,5/8/2020,78_luck_lucky_chance_prize
80,7,5/8/2020,80_sad_sadhu_sadness_depressing
81,8,5/8/2020,81_great_excellent_superb_fabulous
82,115,5/8/2020,82_day_everyone_happy_celebrate
83,3,5/8/2020,83_token_trace_scan_collect
84,2,5/8/2020,84_sleep_sleeping_asleep_sleepy
85,1,5/8/2020,85_teacher_teachers_school_malay
86,12,5/8/2020,86_country_countries_world_lanka
87,39,5/8/2020,87_hero_heroes_warrior_brave
88,16,5/8/2020,88_nice_wow_byebye_niceeeee
90,12,5/8/2020,90_beautiful_lovely_istana_gorgeous
91,1,5/8/2020,91_rainbow_covenant_rainbows_god
92,11,5/8/2020,92_yes_agree_agreed_totally
93,4,5/8/2020,93_jamus_jam_bagus_cockle
95,1,5/8/2020,95_moon_halos_venus_mars
96,16,5/8/2020,96_bless_blesses_miracle_woo
97,9,5/8/2020,97_pandemic_fatigue_covid_us
-1,1462,12/8/2020,-1_work_country_well_done
0,1081,12/8/2020,0_lim_wong_koh_chan
1,44,12/8/2020,1_parents_son_father_mother
2,87,12/8/2020,2_swag_wer_taxing_gether
3,12,12/8/2020,3_jail_court_justice_judge
4,47,12/8/2020,4_rice_food_cook_restaurant
5,20,12/8/2020,5_parliament_vote_mp_mps
6,34,12/8/2020,6_mask_wear_masks_face
7,25,12/8/2020,7_china_chinese_taiwan_korea
8,36,12/8/2020,8_salary_pay_wage_employers
9,14,12/8/2020,9_healthy_health_bless_wish
10,6,12/8/2020,10_singaporean_singaporeans_proud_blesse...
12,9,12/8/2020,12_police_officers_taser_policemen
13,23,12/8/2020,13_news_media_cnn_reporting
14,46,12/8/2020,14_tour_ktv_place_tours
15,78,12/8/2020,15_flats_rental_rent_housing
16,11,12/8/2020,16_leader_leadership_leaders_great
17,56,12/8/2020,17_buy_sell_sale_selling
18,8,12/8/2020,18_singapura_song_singapor_sing
20,24,12/8/2020,20_car_driver_audi_driving
21,21,12/8/2020,21_play_time_soon_soccer
22,25,12/8/2020,22_covid_fight_control_importing
24,7,12/8/2020,24_video_watch_fight_drama
25,2,12/8/2020,25_day_happy_spirit_reviving
26,35,12/8/2020,26_photos_photo_pictures_picture
27,1,12/8/2020,27_trump_bye_lose_america
28,32,12/8/2020,28_aircon_air_planes_airport
29,10,12/8/2020,29_pray_prayers_bless_prayer
30,17,12/8/2020,30_love_songs_romantic_candid
31,15,12/8/2020,31_singaporean_singaporeans_jobs_pay
32,10,12/8/2020,32_mrs_trading_bitcoin_investing
33,10,12/8/2020,33_thank_appreciate_dedication_contribut...
34,1,12/8/2020,34_birthday_happy_birthdays_lovely
35,3,12/8/2020,35_imported_cases_import_importing
36,37,12/8/2020,36_money_bank_cash_banks
39,27,12/8/2020,39_japan_abe_san_japanese
40,18,12/8/2020,40_dogs_cats_pet_puppies
41,1,12/8/2020,41_girl_pray_praying_prayers
42,15,12/8/2020,42_singaporean_singaporeans_born_chinese
43,20,12/8/2020,43_music_sound_listen_sounds
44,7,12/8/2020,44_team_teams_thank_work
45,6,12/8/2020,45_stupid_dumb_idiots_stupidity
46,4,12/8/2020,46_shame_shameless_shameful_embarrassing
47,9,12/8/2020,47_pink_wear_colour_purple
48,7,12/8/2020,48_malaysia_brunei_indonesia_malaysian
49,4,12/8/2020,49_religion_islam_muslim_muslims
50,11,12/8/2020,50_boar_boars_animals_pig
52,9,12/8/2020,52_thank_thankyou_information_informativ...
53,1,12/8/2020,53_diwali_wishing_happy_wishes
54,19,12/8/2020,54_trees_tree_garden_plant
55,6,12/8/2020,55_speech_speeches_speaker_delivered
56,9,12/8/2020,56_virus_infected_viruses_spread
57,5,12/8/2020,57_smoke_smoking_cigarette_ban
58,6,12/8/2020,58_loong_hsien_dear_minister
61,4,12/8/2020,61_vaccine_vaccines_vaccination_vaccinat...
62,2,12/8/2020,62_cry_crying_tears_cried
63,6,12/8/2020,63_congratulations_congratulationsir_yea...
64,2,12/8/2020,64_sg_luck_sgag_sgunited
65,3,12/8/2020,65_ndp_parade_celebration_celebrations
66,9,12/8/2020,66_morning_nice_day_everyoneeeee
67,4,12/8/2020,67_smile_children_smiles_hug
68,35,12/8/2020,68_zoo_animals_safari_visited
69,3,12/8/2020,69_kindness_compassion_empathy_caring
70,3,12/8/2020,70_wishes_wish_wishing_family
71,5,12/8/2020,71_minister_prime_ministers_great
72,6,12/8/2020,72_vouchers_voucher_cash_tourism
73,9,12/8/2020,73_wow_stunning_looking_looks
75,3,12/8/2020,75_rip_rbg_rips_ripped
76,19,12/8/2020,76_coast_plan_planner_plans
77,9,12/8/2020,77_never_nothing_stupid_nope
78,10,12/8/2020,78_luck_lucky_chance_prize
79,16,12/8/2020,79_job_jobs_jobless_employed
80,5,12/8/2020,80_sad_sadhu_sadness_depressing
81,3,12/8/2020,81_great_excellent_superb_fabulous
83,1,12/8/2020,83_token_trace_scan_collect
84,4,12/8/2020,84_sleep_sleeping_asleep_sleepy
86,6,12/8/2020,86_country_countries_world_lanka
87,1,12/8/2020,87_hero_heroes_warrior_brave
88,6,12/8/2020,88_nice_wow_byebye_niceeeee
89,1,12/8/2020,89_snake_pest_python_snakes
90,8,12/8/2020,90_beautiful_lovely_istana_gorgeous
92,2,12/8/2020,92_yes_agree_agreed_totally
93,2,12/8/2020,93_jamus_jam_bagus_cockle
94,2,12/8/2020,94_chute_rubbish_cockroaches_roaches
95,1,12/8/2020,95_moon_halos_venus_mars
96,3,12/8/2020,96_bless_blesses_miracle_woo
97,5,12/8/2020,97_pandemic_fatigue_covid_us
-1,2567,19/8/2020,-1_work_country_well_done
0,993,19/8/2020,0_lim_wong_koh_chan
1,90,19/8/2020,1_parents_son_father_mother
2,141,19/8/2020,2_swag_wer_taxing_gether
3,99,19/8/2020,3_jail_court_justice_judge
4,41,19/8/2020,4_rice_food_cook_restaurant
5,158,19/8/2020,5_parliament_vote_mp_mps
6,117,19/8/2020,6_mask_wear_masks_face
7,74,19/8/2020,7_china_chinese_taiwan_korea
8,132,19/8/2020,8_salary_pay_wage_employers
9,30,19/8/2020,9_healthy_health_bless_wish
10,28,19/8/2020,10_singaporean_singaporeans_proud_blesse...
12,355,19/8/2020,12_police_officers_taser_policemen
13,36,19/8/2020,13_news_media_cnn_reporting
14,59,19/8/2020,14_tour_ktv_place_tours
15,11,19/8/2020,15_flats_rental_rent_housing
16,44,19/8/2020,16_leader_leadership_leaders_great
17,25,19/8/2020,17_buy_sell_sale_selling
18,38,19/8/2020,18_singapura_song_singapor_sing
19,162,19/8/2020,19_condolences_family_condolence_rip
20,38,19/8/2020,20_car_driver_audi_driving
21,47,19/8/2020,21_play_time_soon_soccer
22,26,19/8/2020,22_covid_fight_control_importing
23,3,19/8/2020,23_america_congratulations_wins_congrats
24,89,19/8/2020,24_video_watch_fight_drama
25,1,19/8/2020,25_day_happy_spirit_reviving
26,39,19/8/2020,26_photos_photo_pictures_picture
27,6,19/8/2020,27_trump_bye_lose_america
28,15,19/8/2020,28_aircon_air_planes_airport
29,49,19/8/2020,29_pray_prayers_bless_prayer
30,31,19/8/2020,30_love_songs_romantic_candid
31,48,19/8/2020,31_singaporean_singaporeans_jobs_pay
32,23,19/8/2020,32_mrs_trading_bitcoin_investing
33,13,19/8/2020,33_thank_appreciate_dedication_contribut...
35,12,19/8/2020,35_imported_cases_import_importing
36,8,19/8/2020,36_money_bank_cash_banks
37,29,19/8/2020,37_laugh_funny_joke_laughing
38,1,19/8/2020,38_deepavali_wishing_wish_wishes
39,4,19/8/2020,39_japan_abe_san_japanese
40,5,19/8/2020,40_dogs_cats_pet_puppies
41,1,19/8/2020,41_girl_pray_praying_prayers
42,29,19/8/2020,42_singaporean_singaporeans_born_chinese
43,49,19/8/2020,43_music_sound_listen_sounds
44,25,19/8/2020,44_team_teams_thank_work
45,27,19/8/2020,45_stupid_dumb_idiots_stupidity
46,24,19/8/2020,46_shame_shameless_shameful_embarrassing
47,16,19/8/2020,47_pink_wear_colour_purple
48,25,19/8/2020,48_malaysia_brunei_indonesia_malaysian
49,25,19/8/2020,49_religion_islam_muslim_muslims
50,10,19/8/2020,50_boar_boars_animals_pig
51,146,19/8/2020,51_bus_driver_passenger_passengers
52,11,19/8/2020,52_thank_thankyou_information_informativ...
54,10,19/8/2020,54_trees_tree_garden_plant
55,18,19/8/2020,55_speech_speeches_speaker_delivered
56,8,19/8/2020,56_virus_infected_viruses_spread
57,10,19/8/2020,57_smoke_smoking_cigarette_ban
58,11,19/8/2020,58_loong_hsien_dear_minister
59,9,19/8/2020,59_iphone_battery_earbuds_charge
61,4,19/8/2020,61_vaccine_vaccines_vaccination_vaccinat...
62,6,19/8/2020,62_cry_crying_tears_cried
63,9,19/8/2020,63_congratulations_congratulationsir_yea...
64,22,19/8/2020,64_sg_luck_sgag_sgunited
65,2,19/8/2020,65_ndp_parade_celebration_celebrations
66,5,19/8/2020,66_morning_nice_day_everyoneeeee
67,8,19/8/2020,67_smile_children_smiles_hug
68,1,19/8/2020,68_zoo_animals_safari_visited
69,8,19/8/2020,69_kindness_compassion_empathy_caring
70,16,19/8/2020,70_wishes_wish_wishing_family
71,18,19/8/2020,71_minister_prime_ministers_great
73,12,19/8/2020,73_wow_stunning_looking_looks
74,2,19/8/2020,74_mooncake_moon_lights_mooncakes
75,18,19/8/2020,75_rip_rbg_rips_ripped
76,15,19/8/2020,76_coast_plan_planner_plans
77,12,19/8/2020,77_never_nothing_stupid_nope
78,25,19/8/2020,78_luck_lucky_chance_prize
79,20,19/8/2020,79_job_jobs_jobless_employed
80,10,19/8/2020,80_sad_sadhu_sadness_depressing
81,18,19/8/2020,81_great_excellent_superb_fabulous
82,1,19/8/2020,82_day_everyone_happy_celebrate
83,6,19/8/2020,83_token_trace_scan_collect
84,20,19/8/2020,84_sleep_sleeping_asleep_sleepy
85,2,19/8/2020,85_teacher_teachers_school_malay
86,12,19/8/2020,86_country_countries_world_lanka
87,15,19/8/2020,87_hero_heroes_warrior_brave
88,17,19/8/2020,88_nice_wow_byebye_niceeeee
89,2,19/8/2020,89_snake_pest_python_snakes
90,14,19/8/2020,90_beautiful_lovely_istana_gorgeous
91,83,19/8/2020,91_rainbow_covenant_rainbows_god
92,10,19/8/2020,92_yes_agree_agreed_totally
93,19,19/8/2020,93_jamus_jam_bagus_cockle
95,3,19/8/2020,95_moon_halos_venus_mars
96,14,19/8/2020,96_bless_blesses_miracle_woo
97,5,19/8/2020,97_pandemic_fatigue_covid_us
-1,1217,26/8/2020,-1_work_country_well_done
0,737,26/8/2020,0_lim_wong_koh_chan
1,82,26/8/2020,1_parents_son_father_mother
2,53,26/8/2020,2_swag_wer_taxing_gether
3,40,26/8/2020,3_jail_court_justice_judge
4,34,26/8/2020,4_rice_food_cook_restaurant
5,63,26/8/2020,5_parliament_vote_mp_mps
6,40,26/8/2020,6_mask_wear_masks_face
7,47,26/8/2020,7_china_chinese_taiwan_korea
8,221,26/8/2020,8_salary_pay_wage_employers
9,30,26/8/2020,9_healthy_health_bless_wish
10,7,26/8/2020,10_singaporean_singaporeans_proud_blesse...
12,12,26/8/2020,12_police_officers_taser_policemen
13,14,26/8/2020,13_news_media_cnn_reporting
14,12,26/8/2020,14_tour_ktv_place_tours
15,12,26/8/2020,15_flats_rental_rent_housing
16,35,26/8/2020,16_leader_leadership_leaders_great
17,11,26/8/2020,17_buy_sell_sale_selling
18,4,26/8/2020,18_singapura_song_singapor_sing
19,74,26/8/2020,19_condolences_family_condolence_rip
20,14,26/8/2020,20_car_driver_audi_driving
21,21,26/8/2020,21_play_time_soon_soccer
22,13,26/8/2020,22_covid_fight_control_importing
23,1,26/8/2020,23_america_congratulations_wins_congrats
24,21,26/8/2020,24_video_watch_fight_drama
26,5,26/8/2020,26_photos_photo_pictures_picture
27,7,26/8/2020,27_trump_bye_lose_america
28,15,26/8/2020,28_aircon_air_planes_airport
29,27,26/8/2020,29_pray_prayers_bless_prayer
30,6,26/8/2020,30_love_songs_romantic_candid
31,46,26/8/2020,31_singaporean_singaporeans_jobs_pay
32,9,26/8/2020,32_mrs_trading_bitcoin_investing
33,7,26/8/2020,33_thank_appreciate_dedication_contribut...
35,9,26/8/2020,35_imported_cases_import_importing
36,13,26/8/2020,36_money_bank_cash_banks
37,16,26/8/2020,37_laugh_funny_joke_laughing
38,3,26/8/2020,38_deepavali_wishing_wish_wishes
39,126,26/8/2020,39_japan_abe_san_japanese
40,1,26/8/2020,40_dogs_cats_pet_puppies
41,20,26/8/2020,41_girl_pray_praying_prayers
42,16,26/8/2020,42_singaporean_singaporeans_born_chinese
43,10,26/8/2020,43_music_sound_listen_sounds
44,3,26/8/2020,44_team_teams_thank_work
45,22,26/8/2020,45_stupid_dumb_idiots_stupidity
46,3,26/8/2020,46_shame_shameless_shameful_embarrassing
47,2,26/8/2020,47_pink_wear_colour_purple
48,15,26/8/2020,48_malaysia_brunei_indonesia_malaysian
49,2,26/8/2020,49_religion_islam_muslim_muslims
50,4,26/8/2020,50_boar_boars_animals_pig
51,7,26/8/2020,51_bus_driver_passenger_passengers
52,1,26/8/2020,52_thank_thankyou_information_informativ...
54,4,26/8/2020,54_trees_tree_garden_plant
55,2,26/8/2020,55_speech_speeches_speaker_delivered
56,10,26/8/2020,56_virus_infected_viruses_spread
57,4,26/8/2020,57_smoke_smoking_cigarette_ban
58,4,26/8/2020,58_loong_hsien_dear_minister
59,3,26/8/2020,59_iphone_battery_earbuds_charge
61,8,26/8/2020,61_vaccine_vaccines_vaccination_vaccinat...
62,6,26/8/2020,62_cry_crying_tears_cried
63,7,26/8/2020,63_congratulations_congratulationsir_yea...
64,8,26/8/2020,64_sg_luck_sgag_sgunited
65,1,26/8/2020,65_ndp_parade_celebration_celebrations
67,3,26/8/2020,67_smile_children_smiles_hug
68,2,26/8/2020,68_zoo_animals_safari_visited
69,11,26/8/2020,69_kindness_compassion_empathy_caring
70,11,26/8/2020,70_wishes_wish_wishing_family
71,6,26/8/2020,71_minister_prime_ministers_great
73,3,26/8/2020,73_wow_stunning_looking_looks
75,24,26/8/2020,75_rip_rbg_rips_ripped
76,2,26/8/2020,76_coast_plan_planner_plans
77,4,26/8/2020,77_never_nothing_stupid_nope
78,7,26/8/2020,78_luck_lucky_chance_prize
79,4,26/8/2020,79_job_jobs_jobless_employed
80,15,26/8/2020,80_sad_sadhu_sadness_depressing
81,6,26/8/2020,81_great_excellent_superb_fabulous
83,1,26/8/2020,83_token_trace_scan_collect
84,5,26/8/2020,84_sleep_sleeping_asleep_sleepy
85,56,26/8/2020,85_teacher_teachers_school_malay
86,4,26/8/2020,86_country_countries_world_lanka
87,1,26/8/2020,87_hero_heroes_warrior_brave
88,2,26/8/2020,88_nice_wow_byebye_niceeeee
89,1,26/8/2020,89_snake_pest_python_snakes
90,2,26/8/2020,90_beautiful_lovely_istana_gorgeous
91,4,26/8/2020,91_rainbow_covenant_rainbows_god
92,2,26/8/2020,92_yes_agree_agreed_totally
93,13,26/8/2020,93_jamus_jam_bagus_cockle
94,1,26/8/2020,94_chute_rubbish_cockroaches_roaches
95,1,26/8/2020,95_moon_halos_venus_mars
96,5,26/8/2020,96_bless_blesses_miracle_woo
97,7,26/8/2020,97_pandemic_fatigue_covid_us
-1,2837,1/9/2020,-1_work_country_well_done
0,980,1/9/2020,0_lim_wong_koh_chan
1,141,1/9/2020,1_parents_son_father_mother
2,119,1/9/2020,2_swag_wer_taxing_gether
3,316,1/9/2020,3_jail_court_justice_judge
4,87,1/9/2020,4_rice_food_cook_restaurant
5,378,1/9/2020,5_parliament_vote_mp_mps
6,101,1/9/2020,6_mask_wear_masks_face
7,72,1/9/2020,7_china_chinese_taiwan_korea
8,161,1/9/2020,8_salary_pay_wage_employers
9,39,1/9/2020,9_healthy_health_bless_wish
10,49,1/9/2020,10_singaporean_singaporeans_proud_blesse...
11,1,1/9/2020,11_birthday_happy_uk_happyy
12,25,1/9/2020,12_police_officers_taser_policemen
13,38,1/9/2020,13_news_media_cnn_reporting
14,36,1/9/2020,14_tour_ktv_place_tours
15,28,1/9/2020,15_flats_rental_rent_housing
16,56,1/9/2020,16_leader_leadership_leaders_great
17,30,1/9/2020,17_buy_sell_sale_selling
18,22,1/9/2020,18_singapura_song_singapor_sing
19,31,1/9/2020,19_condolences_family_condolence_rip
20,17,1/9/2020,20_car_driver_audi_driving
21,55,1/9/2020,21_play_time_soon_soccer
22,50,1/9/2020,22_covid_fight_control_importing
23,3,1/9/2020,23_america_congratulations_wins_congrats
24,18,1/9/2020,24_video_watch_fight_drama
26,17,1/9/2020,26_photos_photo_pictures_picture
27,4,1/9/2020,27_trump_bye_lose_america
28,127,1/9/2020,28_aircon_air_planes_airport
29,21,1/9/2020,29_pray_prayers_bless_prayer
30,25,1/9/2020,30_love_songs_romantic_candid
31,80,1/9/2020,31_singaporean_singaporeans_jobs_pay
32,26,1/9/2020,32_mrs_trading_bitcoin_investing
33,35,1/9/2020,33_thank_appreciate_dedication_contribut...
34,1,1/9/2020,34_birthday_happy_birthdays_lovely
35,14,1/9/2020,35_imported_cases_import_importing
36,42,1/9/2020,36_money_bank_cash_banks
37,26,1/9/2020,37_laugh_funny_joke_laughing
38,1,1/9/2020,38_deepavali_wishing_wish_wishes
39,11,1/9/2020,39_japan_abe_san_japanese
40,24,1/9/2020,40_dogs_cats_pet_puppies
41,3,1/9/2020,41_girl_pray_praying_prayers
42,47,1/9/2020,42_singaporean_singaporeans_born_chinese
43,56,1/9/2020,43_music_sound_listen_sounds
44,40,1/9/2020,44_team_teams_thank_work
45,10,1/9/2020,45_stupid_dumb_idiots_stupidity
46,25,1/9/2020,46_shame_shameless_shameful_embarrassing
47,78,1/9/2020,47_pink_wear_colour_purple
48,26,1/9/2020,48_malaysia_brunei_indonesia_malaysian
49,3,1/9/2020,49_religion_islam_muslim_muslims
50,5,1/9/2020,50_boar_boars_animals_pig
51,3,1/9/2020,51_bus_driver_passenger_passengers
52,17,1/9/2020,52_thank_thankyou_information_informativ...
54,15,1/9/2020,54_trees_tree_garden_plant
55,105,1/9/2020,55_speech_speeches_speaker_delivered
56,21,1/9/2020,56_virus_infected_viruses_spread
57,6,1/9/2020,57_smoke_smoking_cigarette_ban
58,13,1/9/2020,58_loong_hsien_dear_minister
59,8,1/9/2020,59_iphone_battery_earbuds_charge
60,1,1/9/2020,60_deepavali_deepavalli_guava_deepavail
61,11,1/9/2020,61_vaccine_vaccines_vaccination_vaccinat...
62,98,1/9/2020,62_cry_crying_tears_cried
63,5,1/9/2020,63_congratulations_congratulationsir_yea...
64,15,1/9/2020,64_sg_luck_sgag_sgunited
66,7,1/9/2020,66_morning_nice_day_everyoneeeee
67,11,1/9/2020,67_smile_children_smiles_hug
68,15,1/9/2020,68_zoo_animals_safari_visited
69,15,1/9/2020,69_kindness_compassion_empathy_caring
70,5,1/9/2020,70_wishes_wish_wishing_family
71,20,1/9/2020,71_minister_prime_ministers_great
72,2,1/9/2020,72_vouchers_voucher_cash_tourism
73,12,1/9/2020,73_wow_stunning_looking_looks
75,16,1/9/2020,75_rip_rbg_rips_ripped
76,21,1/9/2020,76_coast_plan_planner_plans
77,21,1/9/2020,77_never_nothing_stupid_nope
78,18,1/9/2020,78_luck_lucky_chance_prize
79,24,1/9/2020,79_job_jobs_jobless_employed
80,18,1/9/2020,80_sad_sadhu_sadness_depressing
81,9,1/9/2020,81_great_excellent_superb_fabulous
82,1,1/9/2020,82_day_everyone_happy_celebrate
84,34,1/9/2020,84_sleep_sleeping_asleep_sleepy
85,40,1/9/2020,85_teacher_teachers_school_malay
86,10,1/9/2020,86_country_countries_world_lanka
87,3,1/9/2020,87_hero_heroes_warrior_brave
88,7,1/9/2020,88_nice_wow_byebye_niceeeee
89,1,1/9/2020,89_snake_pest_python_snakes
91,1,1/9/2020,91_rainbow_covenant_rainbows_god
92,14,1/9/2020,92_yes_agree_agreed_totally
93,51,1/9/2020,93_jamus_jam_bagus_cockle
94,1,1/9/2020,94_chute_rubbish_cockroaches_roaches
95,3,1/9/2020,95_moon_halos_venus_mars
96,13,1/9/2020,96_bless_blesses_miracle_woo
97,15,1/9/2020,97_pandemic_fatigue_covid_us
-1,1026,8/9/2020,-1_work_country_well_done
0,431,8/9/2020,0_lim_wong_koh_chan
1,89,8/9/2020,1_parents_son_father_mother
2,56,8/9/2020,2_swag_wer_taxing_gether
3,116,8/9/2020,3_jail_court_justice_judge
4,23,8/9/2020,4_rice_food_cook_restaurant
5,19,8/9/2020,5_parliament_vote_mp_mps
6,32,8/9/2020,6_mask_wear_masks_face
7,101,8/9/2020,7_china_chinese_taiwan_korea
8,23,8/9/2020,8_salary_pay_wage_employers
9,13,8/9/2020,9_healthy_health_bless_wish
10,9,8/9/2020,10_singaporean_singaporeans_proud_blesse...
12,8,8/9/2020,12_police_officers_taser_policemen
13,32,8/9/2020,13_news_media_cnn_reporting
14,17,8/9/2020,14_tour_ktv_place_tours
15,18,8/9/2020,15_flats_rental_rent_housing
16,5,8/9/2020,16_leader_leadership_leaders_great
17,18,8/9/2020,17_buy_sell_sale_selling
18,9,8/9/2020,18_singapura_song_singapor_sing
20,12,8/9/2020,20_car_driver_audi_driving
21,17,8/9/2020,21_play_time_soon_soccer
22,22,8/9/2020,22_covid_fight_control_importing
24,24,8/9/2020,24_video_watch_fight_drama
26,22,8/9/2020,26_photos_photo_pictures_picture
27,9,8/9/2020,27_trump_bye_lose_america
28,11,8/9/2020,28_aircon_air_planes_airport
29,9,8/9/2020,29_pray_prayers_bless_prayer
30,7,8/9/2020,30_love_songs_romantic_candid
31,14,8/9/2020,31_singaporean_singaporeans_jobs_pay
32,35,8/9/2020,32_mrs_trading_bitcoin_investing
33,8,8/9/2020,33_thank_appreciate_dedication_contribut...
35,16,8/9/2020,35_imported_cases_import_importing
36,17,8/9/2020,36_money_bank_cash_banks
37,1,8/9/2020,37_laugh_funny_joke_laughing
38,2,8/9/2020,38_deepavali_wishing_wish_wishes
39,2,8/9/2020,39_japan_abe_san_japanese
40,8,8/9/2020,40_dogs_cats_pet_puppies
41,2,8/9/2020,41_girl_pray_praying_prayers
42,9,8/9/2020,42_singaporean_singaporeans_born_chinese
43,4,8/9/2020,43_music_sound_listen_sounds
44,6,8/9/2020,44_team_teams_thank_work
45,8,8/9/2020,45_stupid_dumb_idiots_stupidity
46,12,8/9/2020,46_shame_shameless_shameful_embarrassing
47,4,8/9/2020,47_pink_wear_colour_purple
48,6,8/9/2020,48_malaysia_brunei_indonesia_malaysian
49,2,8/9/2020,49_religion_islam_muslim_muslims
50,8,8/9/2020,50_boar_boars_animals_pig
51,1,8/9/2020,51_bus_driver_passenger_passengers
52,4,8/9/2020,52_thank_thankyou_information_informativ...
54,30,8/9/2020,54_trees_tree_garden_plant
55,4,8/9/2020,55_speech_speeches_speaker_delivered
56,8,8/9/2020,56_virus_infected_viruses_spread
57,8,8/9/2020,57_smoke_smoking_cigarette_ban
58,6,8/9/2020,58_loong_hsien_dear_minister
59,14,8/9/2020,59_iphone_battery_earbuds_charge
61,8,8/9/2020,61_vaccine_vaccines_vaccination_vaccinat...
62,3,8/9/2020,62_cry_crying_tears_cried
64,5,8/9/2020,64_sg_luck_sgag_sgunited
66,1,8/9/2020,66_morning_nice_day_everyoneeeee
67,2,8/9/2020,67_smile_children_smiles_hug
68,10,8/9/2020,68_zoo_animals_safari_visited
69,3,8/9/2020,69_kindness_compassion_empathy_caring
70,2,8/9/2020,70_wishes_wish_wishing_family
71,3,8/9/2020,71_minister_prime_ministers_great
72,2,8/9/2020,72_vouchers_voucher_cash_tourism
73,5,8/9/2020,73_wow_stunning_looking_looks
74,1,8/9/2020,74_mooncake_moon_lights_mooncakes
75,1,8/9/2020,75_rip_rbg_rips_ripped
76,1,8/9/2020,76_coast_plan_planner_plans
77,2,8/9/2020,77_never_nothing_stupid_nope
78,7,8/9/2020,78_luck_lucky_chance_prize
79,6,8/9/2020,79_job_jobs_jobless_employed
80,8,8/9/2020,80_sad_sadhu_sadness_depressing
81,3,8/9/2020,81_great_excellent_superb_fabulous
83,30,8/9/2020,83_token_trace_scan_collect
84,3,8/9/2020,84_sleep_sleeping_asleep_sleepy
85,1,8/9/2020,85_teacher_teachers_school_malay
86,4,8/9/2020,86_country_countries_world_lanka
88,7,8/9/2020,88_nice_wow_byebye_niceeeee
89,76,8/9/2020,89_snake_pest_python_snakes
90,4,8/9/2020,90_beautiful_lovely_istana_gorgeous
91,1,8/9/2020,91_rainbow_covenant_rainbows_god
92,6,8/9/2020,92_yes_agree_agreed_totally
94,3,8/9/2020,94_chute_rubbish_cockroaches_roaches
95,1,8/9/2020,95_moon_halos_venus_mars
96,3,8/9/2020,96_bless_blesses_miracle_woo
97,2,8/9/2020,97_pandemic_fatigue_covid_us
-1,830,15/9/2020,-1_work_country_well_done
0,777,15/9/2020,0_lim_wong_koh_chan
1,39,15/9/2020,1_parents_son_father_mother
2,41,15/9/2020,2_swag_wer_taxing_gether
3,22,15/9/2020,3_jail_court_justice_judge
4,33,15/9/2020,4_rice_food_cook_restaurant
5,7,15/9/2020,5_parliament_vote_mp_mps
6,28,15/9/2020,6_mask_wear_masks_face
7,33,15/9/2020,7_china_chinese_taiwan_korea
8,10,15/9/2020,8_salary_pay_wage_employers
9,18,15/9/2020,9_healthy_health_bless_wish
10,8,15/9/2020,10_singaporean_singaporeans_proud_blesse...
12,10,15/9/2020,12_police_officers_taser_policemen
13,11,15/9/2020,13_news_media_cnn_reporting
14,10,15/9/2020,14_tour_ktv_place_tours
15,7,15/9/2020,15_flats_rental_rent_housing
16,13,15/9/2020,16_leader_leadership_leaders_great
17,23,15/9/2020,17_buy_sell_sale_selling
18,4,15/9/2020,18_singapura_song_singapor_sing
19,2,15/9/2020,19_condolences_family_condolence_rip
20,3,15/9/2020,20_car_driver_audi_driving
21,15,15/9/2020,21_play_time_soon_soccer
22,10,15/9/2020,22_covid_fight_control_importing
23,1,15/9/2020,23_america_congratulations_wins_congrats
24,16,15/9/2020,24_video_watch_fight_drama
26,3,15/9/2020,26_photos_photo_pictures_picture
27,4,15/9/2020,27_trump_bye_lose_america
28,8,15/9/2020,28_aircon_air_planes_airport
29,8,15/9/2020,29_pray_prayers_bless_prayer
30,6,15/9/2020,30_love_songs_romantic_candid
31,6,15/9/2020,31_singaporean_singaporeans_jobs_pay
32,23,15/9/2020,32_mrs_trading_bitcoin_investing
33,22,15/9/2020,33_thank_appreciate_dedication_contribut...
35,6,15/9/2020,35_imported_cases_import_importing
36,10,15/9/2020,36_money_bank_cash_banks
37,10,15/9/2020,37_laugh_funny_joke_laughing
39,6,15/9/2020,39_japan_abe_san_japanese
40,7,15/9/2020,40_dogs_cats_pet_puppies
42,1,15/9/2020,42_singaporean_singaporeans_born_chinese
43,5,15/9/2020,43_music_sound_listen_sounds
44,6,15/9/2020,44_team_teams_thank_work
45,5,15/9/2020,45_stupid_dumb_idiots_stupidity
46,7,15/9/2020,46_shame_shameless_shameful_embarrassing
47,3,15/9/2020,47_pink_wear_colour_purple
48,1,15/9/2020,48_malaysia_brunei_indonesia_malaysian
49,6,15/9/2020,49_religion_islam_muslim_muslims
50,3,15/9/2020,50_boar_boars_animals_pig
52,10,15/9/2020,52_thank_thankyou_information_informativ...
54,5,15/9/2020,54_trees_tree_garden_plant
55,4,15/9/2020,55_speech_speeches_speaker_delivered
56,15,15/9/2020,56_virus_infected_viruses_spread
57,17,15/9/2020,57_smoke_smoking_cigarette_ban
58,6,15/9/2020,58_loong_hsien_dear_minister
59,4,15/9/2020,59_iphone_battery_earbuds_charge
61,12,15/9/2020,61_vaccine_vaccines_vaccination_vaccinat...
62,1,15/9/2020,62_cry_crying_tears_cried
64,8,15/9/2020,64_sg_luck_sgag_sgunited
66,23,15/9/2020,66_morning_nice_day_everyoneeeee
67,3,15/9/2020,67_smile_children_smiles_hug
68,3,15/9/2020,68_zoo_animals_safari_visited
69,11,15/9/2020,69_kindness_compassion_empathy_caring
70,2,15/9/2020,70_wishes_wish_wishing_family
71,2,15/9/2020,71_minister_prime_ministers_great
72,5,15/9/2020,72_vouchers_voucher_cash_tourism
73,3,15/9/2020,73_wow_stunning_looking_looks
74,1,15/9/2020,74_mooncake_moon_lights_mooncakes
75,4,15/9/2020,75_rip_rbg_rips_ripped
77,2,15/9/2020,77_never_nothing_stupid_nope
78,1,15/9/2020,78_luck_lucky_chance_prize
79,3,15/9/2020,79_job_jobs_jobless_employed
80,1,15/9/2020,80_sad_sadhu_sadness_depressing
81,11,15/9/2020,81_great_excellent_superb_fabulous
83,1,15/9/2020,83_token_trace_scan_collect
84,2,15/9/2020,84_sleep_sleeping_asleep_sleepy
86,5,15/9/2020,86_country_countries_world_lanka
87,2,15/9/2020,87_hero_heroes_warrior_brave
88,2,15/9/2020,88_nice_wow_byebye_niceeeee
89,3,15/9/2020,89_snake_pest_python_snakes
90,1,15/9/2020,90_beautiful_lovely_istana_gorgeous
92,3,15/9/2020,92_yes_agree_agreed_totally
95,1,15/9/2020,95_moon_halos_venus_mars
96,3,15/9/2020,96_bless_blesses_miracle_woo
97,4,15/9/2020,97_pandemic_fatigue_covid_us
-1,1640,21/9/2020,-1_work_country_well_done
0,906,21/9/2020,0_lim_wong_koh_chan
1,140,21/9/2020,1_parents_son_father_mother
2,95,21/9/2020,2_swag_wer_taxing_gether
3,51,21/9/2020,3_jail_court_justice_judge
4,37,21/9/2020,4_rice_food_cook_restaurant
5,15,21/9/2020,5_parliament_vote_mp_mps
6,102,21/9/2020,6_mask_wear_masks_face
7,58,21/9/2020,7_china_chinese_taiwan_korea
8,26,21/9/2020,8_salary_pay_wage_employers
9,18,21/9/2020,9_healthy_health_bless_wish
10,16,21/9/2020,10_singaporean_singaporeans_proud_blesse...
11,1,21/9/2020,11_birthday_happy_uk_happyy
12,24,21/9/2020,12_police_officers_taser_policemen
13,49,21/9/2020,13_news_media_cnn_reporting
14,78,21/9/2020,14_tour_ktv_place_tours
15,43,21/9/2020,15_flats_rental_rent_housing
16,19,21/9/2020,16_leader_leadership_leaders_great
17,20,21/9/2020,17_buy_sell_sale_selling
18,7,21/9/2020,18_singapura_song_singapor_sing
19,6,21/9/2020,19_condolences_family_condolence_rip
20,33,21/9/2020,20_car_driver_audi_driving
21,34,21/9/2020,21_play_time_soon_soccer
22,40,21/9/2020,22_covid_fight_control_importing
24,16,21/9/2020,24_video_watch_fight_drama
26,81,21/9/2020,26_photos_photo_pictures_picture
27,6,21/9/2020,27_trump_bye_lose_america
28,13,21/9/2020,28_aircon_air_planes_airport
29,8,21/9/2020,29_pray_prayers_bless_prayer
30,7,21/9/2020,30_love_songs_romantic_candid
31,6,21/9/2020,31_singaporean_singaporeans_jobs_pay
32,18,21/9/2020,32_mrs_trading_bitcoin_investing
33,24,21/9/2020,33_thank_appreciate_dedication_contribut...
35,13,21/9/2020,35_imported_cases_import_importing
36,6,21/9/2020,36_money_bank_cash_banks
37,8,21/9/2020,37_laugh_funny_joke_laughing
39,4,21/9/2020,39_japan_abe_san_japanese
40,3,21/9/2020,40_dogs_cats_pet_puppies
41,3,21/9/2020,41_girl_pray_praying_prayers
42,16,21/9/2020,42_singaporean_singaporeans_born_chinese
43,9,21/9/2020,43_music_sound_listen_sounds
44,10,21/9/2020,44_team_teams_thank_work
45,12,21/9/2020,45_stupid_dumb_idiots_stupidity
46,11,21/9/2020,46_shame_shameless_shameful_embarrassing
47,5,21/9/2020,47_pink_wear_colour_purple
48,24,21/9/2020,48_malaysia_brunei_indonesia_malaysian
49,8,21/9/2020,49_religion_islam_muslim_muslims
50,5,21/9/2020,50_boar_boars_animals_pig
51,8,21/9/2020,51_bus_driver_passenger_passengers
52,25,21/9/2020,52_thank_thankyou_information_informativ...
54,29,21/9/2020,54_trees_tree_garden_plant
55,7,21/9/2020,55_speech_speeches_speaker_delivered
56,10,21/9/2020,56_virus_infected_viruses_spread
57,14,21/9/2020,57_smoke_smoking_cigarette_ban
58,11,21/9/2020,58_loong_hsien_dear_minister
59,14,21/9/2020,59_iphone_battery_earbuds_charge
60,2,21/9/2020,60_deepavali_deepavalli_guava_deepavail
61,9,21/9/2020,61_vaccine_vaccines_vaccination_vaccinat...
62,9,21/9/2020,62_cry_crying_tears_cried
63,13,21/9/2020,63_congratulations_congratulationsir_yea...
64,6,21/9/2020,64_sg_luck_sgag_sgunited
65,3,21/9/2020,65_ndp_parade_celebration_celebrations
66,27,21/9/2020,66_morning_nice_day_everyoneeeee
67,5,21/9/2020,67_smile_children_smiles_hug
68,4,21/9/2020,68_zoo_animals_safari_visited
69,7,21/9/2020,69_kindness_compassion_empathy_caring
70,8,21/9/2020,70_wishes_wish_wishing_family
71,5,21/9/2020,71_minister_prime_ministers_great
72,6,21/9/2020,72_vouchers_voucher_cash_tourism
73,26,21/9/2020,73_wow_stunning_looking_looks
74,27,21/9/2020,74_mooncake_moon_lights_mooncakes
75,6,21/9/2020,75_rip_rbg_rips_ripped
76,29,21/9/2020,76_coast_plan_planner_plans
77,10,21/9/2020,77_never_nothing_stupid_nope
78,6,21/9/2020,78_luck_lucky_chance_prize
79,7,21/9/2020,79_job_jobs_jobless_employed
80,6,21/9/2020,80_sad_sadhu_sadness_depressing
81,10,21/9/2020,81_great_excellent_superb_fabulous
83,5,21/9/2020,83_token_trace_scan_collect
84,4,21/9/2020,84_sleep_sleeping_asleep_sleepy
85,2,21/9/2020,85_teacher_teachers_school_malay
86,7,21/9/2020,86_country_countries_world_lanka
87,2,21/9/2020,87_hero_heroes_warrior_brave
88,15,21/9/2020,88_nice_wow_byebye_niceeeee
89,3,21/9/2020,89_snake_pest_python_snakes
90,39,21/9/2020,90_beautiful_lovely_istana_gorgeous
91,10,21/9/2020,91_rainbow_covenant_rainbows_god
92,9,21/9/2020,92_yes_agree_agreed_totally
93,2,21/9/2020,93_jamus_jam_bagus_cockle
94,3,21/9/2020,94_chute_rubbish_cockroaches_roaches
95,8,21/9/2020,95_moon_halos_venus_mars
96,3,21/9/2020,96_bless_blesses_miracle_woo
97,10,21/9/2020,97_pandemic_fatigue_covid_us
-1,530,28/9/2020,-1_work_country_well_done
0,242,28/9/2020,0_lim_wong_koh_chan
1,16,28/9/2020,1_parents_son_father_mother
2,62,28/9/2020,2_swag_wer_taxing_gether
3,6,28/9/2020,3_jail_court_justice_judge
4,14,28/9/2020,4_rice_food_cook_restaurant
5,2,28/9/2020,5_parliament_vote_mp_mps
6,11,28/9/2020,6_mask_wear_masks_face
7,53,28/9/2020,7_china_chinese_taiwan_korea
8,6,28/9/2020,8_salary_pay_wage_employers
9,17,28/9/2020,9_healthy_health_bless_wish
10,12,28/9/2020,10_singaporean_singaporeans_proud_blesse...
13,7,28/9/2020,13_news_media_cnn_reporting
14,16,28/9/2020,14_tour_ktv_place_tours
15,23,28/9/2020,15_flats_rental_rent_housing
16,7,28/9/2020,16_leader_leadership_leaders_great
17,4,28/9/2020,17_buy_sell_sale_selling
18,1,28/9/2020,18_singapura_song_singapor_sing
19,2,28/9/2020,19_condolences_family_condolence_rip
20,2,28/9/2020,20_car_driver_audi_driving
21,5,28/9/2020,21_play_time_soon_soccer
22,3,28/9/2020,22_covid_fight_control_importing
23,1,28/9/2020,23_america_congratulations_wins_congrats
24,7,28/9/2020,24_video_watch_fight_drama
26,8,28/9/2020,26_photos_photo_pictures_picture
28,6,28/9/2020,28_aircon_air_planes_airport
29,4,28/9/2020,29_pray_prayers_bless_prayer
30,3,28/9/2020,30_love_songs_romantic_candid
31,2,28/9/2020,31_singaporean_singaporeans_jobs_pay
32,3,28/9/2020,32_mrs_trading_bitcoin_investing
33,10,28/9/2020,33_thank_appreciate_dedication_contribut...
35,12,28/9/2020,35_imported_cases_import_importing
36,10,28/9/2020,36_money_bank_cash_banks
39,1,28/9/2020,39_japan_abe_san_japanese
40,4,28/9/2020,40_dogs_cats_pet_puppies
41,1,28/9/2020,41_girl_pray_praying_prayers
42,9,28/9/2020,42_singaporean_singaporeans_born_chinese
43,2,28/9/2020,43_music_sound_listen_sounds
44,6,28/9/2020,44_team_teams_thank_work
45,1,28/9/2020,45_stupid_dumb_idiots_stupidity
47,2,28/9/2020,47_pink_wear_colour_purple
48,2,28/9/2020,48_malaysia_brunei_indonesia_malaysian
49,2,28/9/2020,49_religion_islam_muslim_muslims
52,7,28/9/2020,52_thank_thankyou_information_informativ...
55,1,28/9/2020,55_speech_speeches_speaker_delivered
56,9,28/9/2020,56_virus_infected_viruses_spread
57,2,28/9/2020,57_smoke_smoking_cigarette_ban
58,5,28/9/2020,58_loong_hsien_dear_minister
61,1,28/9/2020,61_vaccine_vaccines_vaccination_vaccinat...
63,2,28/9/2020,63_congratulations_congratulationsir_yea...
64,8,28/9/2020,64_sg_luck_sgag_sgunited
66,3,28/9/2020,66_morning_nice_day_everyoneeeee
67,5,28/9/2020,67_smile_children_smiles_hug
68,3,28/9/2020,68_zoo_animals_safari_visited
69,11,28/9/2020,69_kindness_compassion_empathy_caring
70,6,28/9/2020,70_wishes_wish_wishing_family
71,4,28/9/2020,71_minister_prime_ministers_great
73,4,28/9/2020,73_wow_stunning_looking_looks
74,67,28/9/2020,74_mooncake_moon_lights_mooncakes
76,1,28/9/2020,76_coast_plan_planner_plans
77,2,28/9/2020,77_never_nothing_stupid_nope
78,1,28/9/2020,78_luck_lucky_chance_prize
79,1,28/9/2020,79_job_jobs_jobless_employed
80,8,28/9/2020,80_sad_sadhu_sadness_depressing
81,1,28/9/2020,81_great_excellent_superb_fabulous
86,4,28/9/2020,86_country_countries_world_lanka
87,1,28/9/2020,87_hero_heroes_warrior_brave
88,1,28/9/2020,88_nice_wow_byebye_niceeeee
91,1,28/9/2020,91_rainbow_covenant_rainbows_god
92,6,28/9/2020,92_yes_agree_agreed_totally
95,9,28/9/2020,95_moon_halos_venus_mars
96,5,28/9/2020,96_bless_blesses_miracle_woo
97,5,28/9/2020,97_pandemic_fatigue_covid_us
-1,481,5/10/2020,-1_work_country_well_done
0,196,5/10/2020,0_lim_wong_koh_chan
1,49,5/10/2020,1_parents_son_father_mother
2,29,5/10/2020,2_swag_wer_taxing_gether
3,5,5/10/2020,3_jail_court_justice_judge
4,66,5/10/2020,4_rice_food_cook_restaurant
5,4,5/10/2020,5_parliament_vote_mp_mps
6,7,5/10/2020,6_mask_wear_masks_face
7,5,5/10/2020,7_china_chinese_taiwan_korea
8,10,5/10/2020,8_salary_pay_wage_employers
9,28,5/10/2020,9_healthy_health_bless_wish
10,19,5/10/2020,10_singaporean_singaporeans_proud_blesse...
12,1,5/10/2020,12_police_officers_taser_policemen
13,18,5/10/2020,13_news_media_cnn_reporting
14,3,5/10/2020,14_tour_ktv_place_tours
15,6,5/10/2020,15_flats_rental_rent_housing
16,18,5/10/2020,16_leader_leadership_leaders_great
17,9,5/10/2020,17_buy_sell_sale_selling
18,6,5/10/2020,18_singapura_song_singapor_sing
20,1,5/10/2020,20_car_driver_audi_driving
21,3,5/10/2020,21_play_time_soon_soccer
22,10,5/10/2020,22_covid_fight_control_importing
24,4,5/10/2020,24_video_watch_fight_drama
26,2,5/10/2020,26_photos_photo_pictures_picture
27,2,5/10/2020,27_trump_bye_lose_america
28,8,5/10/2020,28_aircon_air_planes_airport
29,7,5/10/2020,29_pray_prayers_bless_prayer
30,9,5/10/2020,30_love_songs_romantic_candid
31,6,5/10/2020,31_singaporean_singaporeans_jobs_pay
32,1,5/10/2020,32_mrs_trading_bitcoin_investing
33,11,5/10/2020,33_thank_appreciate_dedication_contribut...
35,10,5/10/2020,35_imported_cases_import_importing
36,2,5/10/2020,36_money_bank_cash_banks
37,6,5/10/2020,37_laugh_funny_joke_laughing
41,1,5/10/2020,41_girl_pray_praying_prayers
42,4,5/10/2020,42_singaporean_singaporeans_born_chinese
43,1,5/10/2020,43_music_sound_listen_sounds
44,6,5/10/2020,44_team_teams_thank_work
45,4,5/10/2020,45_stupid_dumb_idiots_stupidity
46,5,5/10/2020,46_shame_shameless_shameful_embarrassing
47,6,5/10/2020,47_pink_wear_colour_purple
48,2,5/10/2020,48_malaysia_brunei_indonesia_malaysian
51,1,5/10/2020,51_bus_driver_passenger_passengers
52,10,5/10/2020,52_thank_thankyou_information_informativ...
53,1,5/10/2020,53_diwali_wishing_happy_wishes
54,3,5/10/2020,54_trees_tree_garden_plant
55,7,5/10/2020,55_speech_speeches_speaker_delivered
56,1,5/10/2020,56_virus_infected_viruses_spread
57,2,5/10/2020,57_smoke_smoking_cigarette_ban
58,9,5/10/2020,58_loong_hsien_dear_minister
59,1,5/10/2020,59_iphone_battery_earbuds_charge
61,1,5/10/2020,61_vaccine_vaccines_vaccination_vaccinat...
62,1,5/10/2020,62_cry_crying_tears_cried
64,2,5/10/2020,64_sg_luck_sgag_sgunited
65,1,5/10/2020,65_ndp_parade_celebration_celebrations
66,6,5/10/2020,66_morning_nice_day_everyoneeeee
67,16,5/10/2020,67_smile_children_smiles_hug
68,1,5/10/2020,68_zoo_animals_safari_visited
69,11,5/10/2020,69_kindness_compassion_empathy_caring
70,5,5/10/2020,70_wishes_wish_wishing_family
71,6,5/10/2020,71_minister_prime_ministers_great
72,1,5/10/2020,72_vouchers_voucher_cash_tourism
73,1,5/10/2020,73_wow_stunning_looking_looks
74,2,5/10/2020,74_mooncake_moon_lights_mooncakes
77,1,5/10/2020,77_never_nothing_stupid_nope
78,1,5/10/2020,78_luck_lucky_chance_prize
79,3,5/10/2020,79_job_jobs_jobless_employed
80,2,5/10/2020,80_sad_sadhu_sadness_depressing
81,5,5/10/2020,81_great_excellent_superb_fabulous
85,4,5/10/2020,85_teacher_teachers_school_malay
86,4,5/10/2020,86_country_countries_world_lanka
87,3,5/10/2020,87_hero_heroes_warrior_brave
88,4,5/10/2020,88_nice_wow_byebye_niceeeee
90,1,5/10/2020,90_beautiful_lovely_istana_gorgeous
92,5,5/10/2020,92_yes_agree_agreed_totally
96,5,5/10/2020,96_bless_blesses_miracle_woo
97,5,5/10/2020,97_pandemic_fatigue_covid_us
-1,1306,12/10/2020,-1_work_country_well_done
0,757,12/10/2020,0_lim_wong_koh_chan
1,125,12/10/2020,1_parents_son_father_mother
2,65,12/10/2020,2_swag_wer_taxing_gether
3,15,12/10/2020,3_jail_court_justice_judge
4,68,12/10/2020,4_rice_food_cook_restaurant
5,25,12/10/2020,5_parliament_vote_mp_mps
6,44,12/10/2020,6_mask_wear_masks_face
7,42,12/10/2020,7_china_chinese_taiwan_korea
8,14,12/10/2020,8_salary_pay_wage_employers
9,46,12/10/2020,9_healthy_health_bless_wish
10,33,12/10/2020,10_singaporean_singaporeans_proud_blesse...
12,4,12/10/2020,12_police_officers_taser_policemen
13,6,12/10/2020,13_news_media_cnn_reporting
14,36,12/10/2020,14_tour_ktv_place_tours
15,10,12/10/2020,15_flats_rental_rent_housing
16,58,12/10/2020,16_leader_leadership_leaders_great
17,26,12/10/2020,17_buy_sell_sale_selling
18,9,12/10/2020,18_singapura_song_singapor_sing
19,2,12/10/2020,19_condolences_family_condolence_rip
20,10,12/10/2020,20_car_driver_audi_driving
21,12,12/10/2020,21_play_time_soon_soccer
22,23,12/10/2020,22_covid_fight_control_importing
24,6,12/10/2020,24_video_watch_fight_drama
27,4,12/10/2020,27_trump_bye_lose_america
28,4,12/10/2020,28_aircon_air_planes_airport
29,12,12/10/2020,29_pray_prayers_bless_prayer
30,20,12/10/2020,30_love_songs_romantic_candid
31,20,12/10/2020,31_singaporean_singaporeans_jobs_pay
32,8,12/10/2020,32_mrs_trading_bitcoin_investing
33,23,12/10/2020,33_thank_appreciate_dedication_contribut...
35,9,12/10/2020,35_imported_cases_import_importing
36,16,12/10/2020,36_money_bank_cash_banks
37,7,12/10/2020,37_laugh_funny_joke_laughing
38,1,12/10/2020,38_deepavali_wishing_wish_wishes
39,5,12/10/2020,39_japan_abe_san_japanese
40,9,12/10/2020,40_dogs_cats_pet_puppies
41,1,12/10/2020,41_girl_pray_praying_prayers
42,10,12/10/2020,42_singaporean_singaporeans_born_chinese
43,4,12/10/2020,43_music_sound_listen_sounds
44,20,12/10/2020,44_team_teams_thank_work
45,12,12/10/2020,45_stupid_dumb_idiots_stupidity
46,12,12/10/2020,46_shame_shameless_shameful_embarrassing
47,3,12/10/2020,47_pink_wear_colour_purple
48,12,12/10/2020,48_malaysia_brunei_indonesia_malaysian
49,67,12/10/2020,49_religion_islam_muslim_muslims
50,3,12/10/2020,50_boar_boars_animals_pig
51,2,12/10/2020,51_bus_driver_passenger_passengers
52,20,12/10/2020,52_thank_thankyou_information_informativ...
54,5,12/10/2020,54_trees_tree_garden_plant
55,2,12/10/2020,55_speech_speeches_speaker_delivered
56,4,12/10/2020,56_virus_infected_viruses_spread
57,5,12/10/2020,57_smoke_smoking_cigarette_ban
58,13,12/10/2020,58_loong_hsien_dear_minister
59,85,12/10/2020,59_iphone_battery_earbuds_charge
61,2,12/10/2020,61_vaccine_vaccines_vaccination_vaccinat...
62,1,12/10/2020,62_cry_crying_tears_cried
63,10,12/10/2020,63_congratulations_congratulationsir_yea...
64,10,12/10/2020,64_sg_luck_sgag_sgunited
65,1,12/10/2020,65_ndp_parade_celebration_celebrations
66,6,12/10/2020,66_morning_nice_day_everyoneeeee
67,3,12/10/2020,67_smile_children_smiles_hug
68,1,12/10/2020,68_zoo_animals_safari_visited
69,4,12/10/2020,69_kindness_compassion_empathy_caring
70,7,12/10/2020,70_wishes_wish_wishing_family
71,9,12/10/2020,71_minister_prime_ministers_great
72,18,12/10/2020,72_vouchers_voucher_cash_tourism
73,4,12/10/2020,73_wow_stunning_looking_looks
74,1,12/10/2020,74_mooncake_moon_lights_mooncakes
75,1,12/10/2020,75_rip_rbg_rips_ripped
76,6,12/10/2020,76_coast_plan_planner_plans
77,8,12/10/2020,77_never_nothing_stupid_nope
78,6,12/10/2020,78_luck_lucky_chance_prize
79,8,12/10/2020,79_job_jobs_jobless_employed
80,6,12/10/2020,80_sad_sadhu_sadness_depressing
81,10,12/10/2020,81_great_excellent_superb_fabulous
82,1,12/10/2020,82_day_everyone_happy_celebrate
83,4,12/10/2020,83_token_trace_scan_collect
84,3,12/10/2020,84_sleep_sleeping_asleep_sleepy
85,1,12/10/2020,85_teacher_teachers_school_malay
86,5,12/10/2020,86_country_countries_world_lanka
87,5,12/10/2020,87_hero_heroes_warrior_brave
88,5,12/10/2020,88_nice_wow_byebye_niceeeee
89,2,12/10/2020,89_snake_pest_python_snakes
91,1,12/10/2020,91_rainbow_covenant_rainbows_god
92,5,12/10/2020,92_yes_agree_agreed_totally
94,1,12/10/2020,94_chute_rubbish_cockroaches_roaches
95,1,12/10/2020,95_moon_halos_venus_mars
96,7,12/10/2020,96_bless_blesses_miracle_woo
97,10,12/10/2020,97_pandemic_fatigue_covid_us
-1,648,18/10/2020,-1_work_country_well_done
0,368,18/10/2020,0_lim_wong_koh_chan
1,85,18/10/2020,1_parents_son_father_mother
2,30,18/10/2020,2_swag_wer_taxing_gether
3,23,18/10/2020,3_jail_court_justice_judge
4,18,18/10/2020,4_rice_food_cook_restaurant
5,8,18/10/2020,5_parliament_vote_mp_mps
6,23,18/10/2020,6_mask_wear_masks_face
7,9,18/10/2020,7_china_chinese_taiwan_korea
8,4,18/10/2020,8_salary_pay_wage_employers
9,4,18/10/2020,9_healthy_health_bless_wish
10,5,18/10/2020,10_singaporean_singaporeans_proud_blesse...
12,7,18/10/2020,12_police_officers_taser_policemen
13,11,18/10/2020,13_news_media_cnn_reporting
14,18,18/10/2020,14_tour_ktv_place_tours
15,11,18/10/2020,15_flats_rental_rent_housing
16,5,18/10/2020,16_leader_leadership_leaders_great
17,6,18/10/2020,17_buy_sell_sale_selling
18,6,18/10/2020,18_singapura_song_singapor_sing
19,2,18/10/2020,19_condolences_family_condolence_rip
20,94,18/10/2020,20_car_driver_audi_driving
21,12,18/10/2020,21_play_time_soon_soccer
22,12,18/10/2020,22_covid_fight_control_importing
24,1,18/10/2020,24_video_watch_fight_drama
26,9,18/10/2020,26_photos_photo_pictures_picture
27,3,18/10/2020,27_trump_bye_lose_america
28,3,18/10/2020,28_aircon_air_planes_airport
29,17,18/10/2020,29_pray_prayers_bless_prayer
30,5,18/10/2020,30_love_songs_romantic_candid
31,2,18/10/2020,31_singaporean_singaporeans_jobs_pay
32,6,18/10/2020,32_mrs_trading_bitcoin_investing
33,8,18/10/2020,33_thank_appreciate_dedication_contribut...
35,22,18/10/2020,35_imported_cases_import_importing
36,3,18/10/2020,36_money_bank_cash_banks
37,2,18/10/2020,37_laugh_funny_joke_laughing
38,1,18/10/2020,38_deepavali_wishing_wish_wishes
39,4,18/10/2020,39_japan_abe_san_japanese
40,3,18/10/2020,40_dogs_cats_pet_puppies
41,56,18/10/2020,41_girl_pray_praying_prayers
42,7,18/10/2020,42_singaporean_singaporeans_born_chinese
43,8,18/10/2020,43_music_sound_listen_sounds
45,2,18/10/2020,45_stupid_dumb_idiots_stupidity
46,4,18/10/2020,46_shame_shameless_shameful_embarrassing
47,2,18/10/2020,47_pink_wear_colour_purple
48,6,18/10/2020,48_malaysia_brunei_indonesia_malaysian
49,2,18/10/2020,49_religion_islam_muslim_muslims
50,3,18/10/2020,50_boar_boars_animals_pig
51,3,18/10/2020,51_bus_driver_passenger_passengers
52,6,18/10/2020,52_thank_thankyou_information_informativ...
54,9,18/10/2020,54_trees_tree_garden_plant
55,2,18/10/2020,55_speech_speeches_speaker_delivered
56,4,18/10/2020,56_virus_infected_viruses_spread
57,5,18/10/2020,57_smoke_smoking_cigarette_ban
58,11,18/10/2020,58_loong_hsien_dear_minister
61,1,18/10/2020,61_vaccine_vaccines_vaccination_vaccinat...
62,3,18/10/2020,62_cry_crying_tears_cried
64,5,18/10/2020,64_sg_luck_sgag_sgunited
66,5,18/10/2020,66_morning_nice_day_everyoneeeee
67,7,18/10/2020,67_smile_children_smiles_hug
68,31,18/10/2020,68_zoo_animals_safari_visited
69,3,18/10/2020,69_kindness_compassion_empathy_caring
70,4,18/10/2020,70_wishes_wish_wishing_family
71,1,18/10/2020,71_minister_prime_ministers_great
72,1,18/10/2020,72_vouchers_voucher_cash_tourism
73,2,18/10/2020,73_wow_stunning_looking_looks
75,3,18/10/2020,75_rip_rbg_rips_ripped
76,1,18/10/2020,76_coast_plan_planner_plans
77,1,18/10/2020,77_never_nothing_stupid_nope
78,4,18/10/2020,78_luck_lucky_chance_prize
79,2,18/10/2020,79_job_jobs_jobless_employed
80,2,18/10/2020,80_sad_sadhu_sadness_depressing
81,4,18/10/2020,81_great_excellent_superb_fabulous
83,28,18/10/2020,83_token_trace_scan_collect
84,1,18/10/2020,84_sleep_sleeping_asleep_sleepy
88,1,18/10/2020,88_nice_wow_byebye_niceeeee
89,1,18/10/2020,89_snake_pest_python_snakes
90,1,18/10/2020,90_beautiful_lovely_istana_gorgeous
93,1,18/10/2020,93_jamus_jam_bagus_cockle
95,3,18/10/2020,95_moon_halos_venus_mars
96,4,18/10/2020,96_bless_blesses_miracle_woo
97,2,18/10/2020,97_pandemic_fatigue_covid_us
-1,1063,25/10/2020,-1_work_country_well_done
0,631,25/10/2020,0_lim_wong_koh_chan
1,55,25/10/2020,1_parents_son_father_mother
2,49,25/10/2020,2_swag_wer_taxing_gether
3,20,25/10/2020,3_jail_court_justice_judge
4,43,25/10/2020,4_rice_food_cook_restaurant
5,14,25/10/2020,5_parliament_vote_mp_mps
6,24,25/10/2020,6_mask_wear_masks_face
7,34,25/10/2020,7_china_chinese_taiwan_korea
8,3,25/10/2020,8_salary_pay_wage_employers
9,10,25/10/2020,9_healthy_health_bless_wish
10,11,25/10/2020,10_singaporean_singaporeans_proud_blesse...
12,5,25/10/2020,12_police_officers_taser_policemen
13,9,25/10/2020,13_news_media_cnn_reporting
14,25,25/10/2020,14_tour_ktv_place_tours
15,3,25/10/2020,15_flats_rental_rent_housing
16,22,25/10/2020,16_leader_leadership_leaders_great
17,17,25/10/2020,17_buy_sell_sale_selling
18,10,25/10/2020,18_singapura_song_singapor_sing
19,2,25/10/2020,19_condolences_family_condolence_rip
20,15,25/10/2020,20_car_driver_audi_driving
21,12,25/10/2020,21_play_time_soon_soccer
22,13,25/10/2020,22_covid_fight_control_importing
23,2,25/10/2020,23_america_congratulations_wins_congrats
24,24,25/10/2020,24_video_watch_fight_drama
26,24,25/10/2020,26_photos_photo_pictures_picture
27,5,25/10/2020,27_trump_bye_lose_america
28,14,25/10/2020,28_aircon_air_planes_airport
29,14,25/10/2020,29_pray_prayers_bless_prayer
30,11,25/10/2020,30_love_songs_romantic_candid
31,3,25/10/2020,31_singaporean_singaporeans_jobs_pay
32,6,25/10/2020,32_mrs_trading_bitcoin_investing
33,26,25/10/2020,33_thank_appreciate_dedication_contribut...
34,2,25/10/2020,34_birthday_happy_birthdays_lovely
35,15,25/10/2020,35_imported_cases_import_importing
36,7,25/10/2020,36_money_bank_cash_banks
37,20,25/10/2020,37_laugh_funny_joke_laughing
38,49,25/10/2020,38_deepavali_wishing_wish_wishes
39,28,25/10/2020,39_japan_abe_san_japanese
40,4,25/10/2020,40_dogs_cats_pet_puppies
41,8,25/10/2020,41_girl_pray_praying_prayers
42,4,25/10/2020,42_singaporean_singaporeans_born_chinese
43,8,25/10/2020,43_music_sound_listen_sounds
44,3,25/10/2020,44_team_teams_thank_work
45,9,25/10/2020,45_stupid_dumb_idiots_stupidity
46,5,25/10/2020,46_shame_shameless_shameful_embarrassing
47,14,25/10/2020,47_pink_wear_colour_purple
48,7,25/10/2020,48_malaysia_brunei_indonesia_malaysian
49,17,25/10/2020,49_religion_islam_muslim_muslims
50,5,25/10/2020,50_boar_boars_animals_pig
51,2,25/10/2020,51_bus_driver_passenger_passengers
52,10,25/10/2020,52_thank_thankyou_information_informativ...
53,21,25/10/2020,53_diwali_wishing_happy_wishes
54,20,25/10/2020,54_trees_tree_garden_plant
55,2,25/10/2020,55_speech_speeches_speaker_delivered
56,7,25/10/2020,56_virus_infected_viruses_spread
57,56,25/10/2020,57_smoke_smoking_cigarette_ban
58,8,25/10/2020,58_loong_hsien_dear_minister
59,5,25/10/2020,59_iphone_battery_earbuds_charge
60,13,25/10/2020,60_deepavali_deepavalli_guava_deepavail
61,1,25/10/2020,61_vaccine_vaccines_vaccination_vaccinat...
62,7,25/10/2020,62_cry_crying_tears_cried
64,8,25/10/2020,64_sg_luck_sgag_sgunited
65,6,25/10/2020,65_ndp_parade_celebration_celebrations
66,5,25/10/2020,66_morning_nice_day_everyoneeeee
67,7,25/10/2020,67_smile_children_smiles_hug
68,27,25/10/2020,68_zoo_animals_safari_visited
69,3,25/10/2020,69_kindness_compassion_empathy_caring
70,10,25/10/2020,70_wishes_wish_wishing_family
71,9,25/10/2020,71_minister_prime_ministers_great
72,4,25/10/2020,72_vouchers_voucher_cash_tourism
73,5,25/10/2020,73_wow_stunning_looking_looks
74,13,25/10/2020,74_mooncake_moon_lights_mooncakes
76,2,25/10/2020,76_coast_plan_planner_plans
77,4,25/10/2020,77_never_nothing_stupid_nope
78,3,25/10/2020,78_luck_lucky_chance_prize
79,3,25/10/2020,79_job_jobs_jobless_employed
80,2,25/10/2020,80_sad_sadhu_sadness_depressing
81,7,25/10/2020,81_great_excellent_superb_fabulous
83,23,25/10/2020,83_token_trace_scan_collect
84,7,25/10/2020,84_sleep_sleeping_asleep_sleepy
86,3,25/10/2020,86_country_countries_world_lanka
87,3,25/10/2020,87_hero_heroes_warrior_brave
88,5,25/10/2020,88_nice_wow_byebye_niceeeee
89,2,25/10/2020,89_snake_pest_python_snakes
90,8,25/10/2020,90_beautiful_lovely_istana_gorgeous
91,1,25/10/2020,91_rainbow_covenant_rainbows_god
92,2,25/10/2020,92_yes_agree_agreed_totally
93,3,25/10/2020,93_jamus_jam_bagus_cockle
94,1,25/10/2020,94_chute_rubbish_cockroaches_roaches
95,56,25/10/2020,95_moon_halos_venus_mars
96,3,25/10/2020,96_bless_blesses_miracle_woo
97,1,25/10/2020,97_pandemic_fatigue_covid_us
-1,1031,1/11/2020,-1_work_country_well_done
0,559,1/11/2020,0_lim_wong_koh_chan
1,32,1/11/2020,1_parents_son_father_mother
2,61,1/11/2020,2_swag_wer_taxing_gether
3,122,1/11/2020,3_jail_court_justice_judge
4,68,1/11/2020,4_rice_food_cook_restaurant
5,42,1/11/2020,5_parliament_vote_mp_mps
6,97,1/11/2020,6_mask_wear_masks_face
7,37,1/11/2020,7_china_chinese_taiwan_korea
8,12,1/11/2020,8_salary_pay_wage_employers
9,7,1/11/2020,9_healthy_health_bless_wish
10,6,1/11/2020,10_singaporean_singaporeans_proud_blesse...
12,17,1/11/2020,12_police_officers_taser_policemen
13,26,1/11/2020,13_news_media_cnn_reporting
14,10,1/11/2020,14_tour_ktv_place_tours
15,3,1/11/2020,15_flats_rental_rent_housing
16,5,1/11/2020,16_leader_leadership_leaders_great
17,56,1/11/2020,17_buy_sell_sale_selling
18,4,1/11/2020,18_singapura_song_singapor_sing
19,1,1/11/2020,19_condolences_family_condolence_rip
20,4,1/11/2020,20_car_driver_audi_driving
21,19,1/11/2020,21_play_time_soon_soccer
22,24,1/11/2020,22_covid_fight_control_importing
23,136,1/11/2020,23_america_congratulations_wins_congrats
24,14,1/11/2020,24_video_watch_fight_drama
26,7,1/11/2020,26_photos_photo_pictures_picture
27,174,1/11/2020,27_trump_bye_lose_america
28,6,1/11/2020,28_aircon_air_planes_airport
29,37,1/11/2020,29_pray_prayers_bless_prayer
30,5,1/11/2020,30_love_songs_romantic_candid
31,5,1/11/2020,31_singaporean_singaporeans_jobs_pay
32,16,1/11/2020,32_mrs_trading_bitcoin_investing
35,9,1/11/2020,35_imported_cases_import_importing
36,10,1/11/2020,36_money_bank_cash_banks
37,10,1/11/2020,37_laugh_funny_joke_laughing
38,2,1/11/2020,38_deepavali_wishing_wish_wishes
39,1,1/11/2020,39_japan_abe_san_japanese
40,4,1/11/2020,40_dogs_cats_pet_puppies
41,117,1/11/2020,41_girl_pray_praying_prayers
42,6,1/11/2020,42_singaporean_singaporeans_born_chinese
43,9,1/11/2020,43_music_sound_listen_sounds
44,2,1/11/2020,44_team_teams_thank_work
45,7,1/11/2020,45_stupid_dumb_idiots_stupidity
46,6,1/11/2020,46_shame_shameless_shameful_embarrassing
47,10,1/11/2020,47_pink_wear_colour_purple
48,3,1/11/2020,48_malaysia_brunei_indonesia_malaysian
49,8,1/11/2020,49_religion_islam_muslim_muslims
50,2,1/11/2020,50_boar_boars_animals_pig
51,3,1/11/2020,51_bus_driver_passenger_passengers
52,6,1/11/2020,52_thank_thankyou_information_informativ...
54,17,1/11/2020,54_trees_tree_garden_plant
55,2,1/11/2020,55_speech_speeches_speaker_delivered
56,7,1/11/2020,56_virus_infected_viruses_spread
57,13,1/11/2020,57_smoke_smoking_cigarette_ban
58,1,1/11/2020,58_loong_hsien_dear_minister
60,1,1/11/2020,60_deepavali_deepavalli_guava_deepavail
61,2,1/11/2020,61_vaccine_vaccines_vaccination_vaccinat...
62,7,1/11/2020,62_cry_crying_tears_cried
64,2,1/11/2020,64_sg_luck_sgag_sgunited
66,1,1/11/2020,66_morning_nice_day_everyoneeeee
67,4,1/11/2020,67_smile_children_smiles_hug
68,1,1/11/2020,68_zoo_animals_safari_visited
69,1,1/11/2020,69_kindness_compassion_empathy_caring
70,7,1/11/2020,70_wishes_wish_wishing_family
71,1,1/11/2020,71_minister_prime_ministers_great
72,13,1/11/2020,72_vouchers_voucher_cash_tourism
73,4,1/11/2020,73_wow_stunning_looking_looks
74,1,1/11/2020,74_mooncake_moon_lights_mooncakes
76,1,1/11/2020,76_coast_plan_planner_plans
77,10,1/11/2020,77_never_nothing_stupid_nope
78,7,1/11/2020,78_luck_lucky_chance_prize
79,3,1/11/2020,79_job_jobs_jobless_employed
80,7,1/11/2020,80_sad_sadhu_sadness_depressing
81,3,1/11/2020,81_great_excellent_superb_fabulous
83,1,1/11/2020,83_token_trace_scan_collect
84,8,1/11/2020,84_sleep_sleeping_asleep_sleepy
85,2,1/11/2020,85_teacher_teachers_school_malay
86,4,1/11/2020,86_country_countries_world_lanka
87,2,1/11/2020,87_hero_heroes_warrior_brave
88,4,1/11/2020,88_nice_wow_byebye_niceeeee
89,1,1/11/2020,89_snake_pest_python_snakes
90,7,1/11/2020,90_beautiful_lovely_istana_gorgeous
92,7,1/11/2020,92_yes_agree_agreed_totally
93,2,1/11/2020,93_jamus_jam_bagus_cockle
94,1,1/11/2020,94_chute_rubbish_cockroaches_roaches
95,6,1/11/2020,95_moon_halos_venus_mars
96,9,1/11/2020,96_bless_blesses_miracle_woo
97,1,1/11/2020,97_pandemic_fatigue_covid_us
-1,1863,7/11/2020,-1_work_country_well_done
0,947,7/11/2020,0_lim_wong_koh_chan
1,47,7/11/2020,1_parents_son_father_mother
2,104,7/11/2020,2_swag_wer_taxing_gether
3,84,7/11/2020,3_jail_court_justice_judge
4,80,7/11/2020,4_rice_food_cook_restaurant
5,64,7/11/2020,5_parliament_vote_mp_mps
6,73,7/11/2020,6_mask_wear_masks_face
7,67,7/11/2020,7_china_chinese_taiwan_korea
8,21,7/11/2020,8_salary_pay_wage_employers
9,16,7/11/2020,9_healthy_health_bless_wish
10,21,7/11/2020,10_singaporean_singaporeans_proud_blesse...
12,19,7/11/2020,12_police_officers_taser_policemen
13,98,7/11/2020,13_news_media_cnn_reporting
14,18,7/11/2020,14_tour_ktv_place_tours
15,11,7/11/2020,15_flats_rental_rent_housing
16,39,7/11/2020,16_leader_leadership_leaders_great
17,41,7/11/2020,17_buy_sell_sale_selling
18,6,7/11/2020,18_singapura_song_singapor_sing
19,8,7/11/2020,19_condolences_family_condolence_rip
20,33,7/11/2020,20_car_driver_audi_driving
21,32,7/11/2020,21_play_time_soon_soccer
22,32,7/11/2020,22_covid_fight_control_importing
23,187,7/11/2020,23_america_congratulations_wins_congrats
24,32,7/11/2020,24_video_watch_fight_drama
26,11,7/11/2020,26_photos_photo_pictures_picture
27,78,7/11/2020,27_trump_bye_lose_america
28,11,7/11/2020,28_aircon_air_planes_airport
29,24,7/11/2020,29_pray_prayers_bless_prayer
30,16,7/11/2020,30_love_songs_romantic_candid
31,6,7/11/2020,31_singaporean_singaporeans_jobs_pay
32,33,7/11/2020,32_mrs_trading_bitcoin_investing
33,27,7/11/2020,33_thank_appreciate_dedication_contribut...
35,47,7/11/2020,35_imported_cases_import_importing
36,8,7/11/2020,36_money_bank_cash_banks
37,21,7/11/2020,37_laugh_funny_joke_laughing
38,166,7/11/2020,38_deepavali_wishing_wish_wishes
39,1,7/11/2020,39_japan_abe_san_japanese
40,28,7/11/2020,40_dogs_cats_pet_puppies
41,2,7/11/2020,41_girl_pray_praying_prayers
42,8,7/11/2020,42_singaporean_singaporeans_born_chinese
43,13,7/11/2020,43_music_sound_listen_sounds
44,11,7/11/2020,44_team_teams_thank_work
45,26,7/11/2020,45_stupid_dumb_idiots_stupidity
46,18,7/11/2020,46_shame_shameless_shameful_embarrassing
47,2,7/11/2020,47_pink_wear_colour_purple
48,19,7/11/2020,48_malaysia_brunei_indonesia_malaysian
49,14,7/11/2020,49_religion_islam_muslim_muslims
50,7,7/11/2020,50_boar_boars_animals_pig
51,3,7/11/2020,51_bus_driver_passenger_passengers
52,17,7/11/2020,52_thank_thankyou_information_informativ...
53,144,7/11/2020,53_diwali_wishing_happy_wishes
54,4,7/11/2020,54_trees_tree_garden_plant
55,4,7/11/2020,55_speech_speeches_speaker_delivered
56,12,7/11/2020,56_virus_infected_viruses_spread
57,2,7/11/2020,57_smoke_smoking_cigarette_ban
58,17,7/11/2020,58_loong_hsien_dear_minister
59,4,7/11/2020,59_iphone_battery_earbuds_charge
60,138,7/11/2020,60_deepavali_deepavalli_guava_deepavail
61,48,7/11/2020,61_vaccine_vaccines_vaccination_vaccinat...
62,2,7/11/2020,62_cry_crying_tears_cried
63,54,7/11/2020,63_congratulations_congratulationsir_yea...
64,5,7/11/2020,64_sg_luck_sgag_sgunited
65,4,7/11/2020,65_ndp_parade_celebration_celebrations
66,6,7/11/2020,66_morning_nice_day_everyoneeeee
67,14,7/11/2020,67_smile_children_smiles_hug
68,1,7/11/2020,68_zoo_animals_safari_visited
69,22,7/11/2020,69_kindness_compassion_empathy_caring
70,20,7/11/2020,70_wishes_wish_wishing_family
71,9,7/11/2020,71_minister_prime_ministers_great
72,3,7/11/2020,72_vouchers_voucher_cash_tourism
73,11,7/11/2020,73_wow_stunning_looking_looks
74,4,7/11/2020,74_mooncake_moon_lights_mooncakes
75,5,7/11/2020,75_rip_rbg_rips_ripped
76,2,7/11/2020,76_coast_plan_planner_plans
77,7,7/11/2020,77_never_nothing_stupid_nope
78,5,7/11/2020,78_luck_lucky_chance_prize
79,7,7/11/2020,79_job_jobs_jobless_employed
80,5,7/11/2020,80_sad_sadhu_sadness_depressing
81,6,7/11/2020,81_great_excellent_superb_fabulous
83,7,7/11/2020,83_token_trace_scan_collect
84,12,7/11/2020,84_sleep_sleeping_asleep_sleepy
86,13,7/11/2020,86_country_countries_world_lanka
87,4,7/11/2020,87_hero_heroes_warrior_brave
88,7,7/11/2020,88_nice_wow_byebye_niceeeee
89,5,7/11/2020,89_snake_pest_python_snakes
90,5,7/11/2020,90_beautiful_lovely_istana_gorgeous
91,1,7/11/2020,91_rainbow_covenant_rainbows_god
92,9,7/11/2020,92_yes_agree_agreed_totally
93,4,7/11/2020,93_jamus_jam_bagus_cockle
94,1,7/11/2020,94_chute_rubbish_cockroaches_roaches
95,1,7/11/2020,95_moon_halos_venus_mars
96,4,7/11/2020,96_bless_blesses_miracle_woo
97,7,7/11/2020,97_pandemic_fatigue_covid_us
-1,1586,14/11/2020,-1_work_country_well_done
0,961,14/11/2020,0_lim_wong_koh_chan
1,124,14/11/2020,1_parents_son_father_mother
2,63,14/11/2020,2_swag_wer_taxing_gether
3,80,14/11/2020,3_jail_court_justice_judge
4,104,14/11/2020,4_rice_food_cook_restaurant
5,35,14/11/2020,5_parliament_vote_mp_mps
6,77,14/11/2020,6_mask_wear_masks_face
7,52,14/11/2020,7_china_chinese_taiwan_korea
8,23,14/11/2020,8_salary_pay_wage_employers
9,25,14/11/2020,9_healthy_health_bless_wish
10,15,14/11/2020,10_singaporean_singaporeans_proud_blesse...
12,18,14/11/2020,12_police_officers_taser_policemen
13,61,14/11/2020,13_news_media_cnn_reporting
14,27,14/11/2020,14_tour_ktv_place_tours
15,39,14/11/2020,15_flats_rental_rent_housing
16,31,14/11/2020,16_leader_leadership_leaders_great
17,33,14/11/2020,17_buy_sell_sale_selling
18,18,14/11/2020,18_singapura_song_singapor_sing
19,21,14/11/2020,19_condolences_family_condolence_rip
20,11,14/11/2020,20_car_driver_audi_driving
21,23,14/11/2020,21_play_time_soon_soccer
22,26,14/11/2020,22_covid_fight_control_importing
23,16,14/11/2020,23_america_congratulations_wins_congrats
24,15,14/11/2020,24_video_watch_fight_drama
26,20,14/11/2020,26_photos_photo_pictures_picture
27,16,14/11/2020,27_trump_bye_lose_america
28,12,14/11/2020,28_aircon_air_planes_airport
29,16,14/11/2020,29_pray_prayers_bless_prayer
30,9,14/11/2020,30_love_songs_romantic_candid
31,4,14/11/2020,31_singaporean_singaporeans_jobs_pay
32,18,14/11/2020,32_mrs_trading_bitcoin_investing
33,15,14/11/2020,33_thank_appreciate_dedication_contribut...
35,11,14/11/2020,35_imported_cases_import_importing
36,23,14/11/2020,36_money_bank_cash_banks
37,13,14/11/2020,37_laugh_funny_joke_laughing
38,11,14/11/2020,38_deepavali_wishing_wish_wishes
39,4,14/11/2020,39_japan_abe_san_japanese
40,53,14/11/2020,40_dogs_cats_pet_puppies
41,1,14/11/2020,41_girl_pray_praying_prayers
42,16,14/11/2020,42_singaporean_singaporeans_born_chinese
43,6,14/11/2020,43_music_sound_listen_sounds
44,26,14/11/2020,44_team_teams_thank_work
45,17,14/11/2020,45_stupid_dumb_idiots_stupidity
46,11,14/11/2020,46_shame_shameless_shameful_embarrassing
47,6,14/11/2020,47_pink_wear_colour_purple
48,16,14/11/2020,48_malaysia_brunei_indonesia_malaysian
49,9,14/11/2020,49_religion_islam_muslim_muslims
50,6,14/11/2020,50_boar_boars_animals_pig
51,2,14/11/2020,51_bus_driver_passenger_passengers
52,10,14/11/2020,52_thank_thankyou_information_informativ...
53,12,14/11/2020,53_diwali_wishing_happy_wishes
54,3,14/11/2020,54_trees_tree_garden_plant
55,3,14/11/2020,55_speech_speeches_speaker_delivered
56,15,14/11/2020,56_virus_infected_viruses_spread
57,9,14/11/2020,57_smoke_smoking_cigarette_ban
58,9,14/11/2020,58_loong_hsien_dear_minister
59,8,14/11/2020,59_iphone_battery_earbuds_charge
60,8,14/11/2020,60_deepavali_deepavalli_guava_deepavail
61,20,14/11/2020,61_vaccine_vaccines_vaccination_vaccinat...
62,9,14/11/2020,62_cry_crying_tears_cried
63,24,14/11/2020,63_congratulations_congratulationsir_yea...
64,12,14/11/2020,64_sg_luck_sgag_sgunited
65,2,14/11/2020,65_ndp_parade_celebration_celebrations
66,5,14/11/2020,66_morning_nice_day_everyoneeeee
67,10,14/11/2020,67_smile_children_smiles_hug
68,2,14/11/2020,68_zoo_animals_safari_visited
69,11,14/11/2020,69_kindness_compassion_empathy_caring
70,8,14/11/2020,70_wishes_wish_wishing_family
71,3,14/11/2020,71_minister_prime_ministers_great
72,5,14/11/2020,72_vouchers_voucher_cash_tourism
73,5,14/11/2020,73_wow_stunning_looking_looks
74,4,14/11/2020,74_mooncake_moon_lights_mooncakes
75,28,14/11/2020,75_rip_rbg_rips_ripped
76,1,14/11/2020,76_coast_plan_planner_plans
77,9,14/11/2020,77_never_nothing_stupid_nope
78,6,14/11/2020,78_luck_lucky_chance_prize
79,9,14/11/2020,79_job_jobs_jobless_employed
80,11,14/11/2020,80_sad_sadhu_sadness_depressing
81,11,14/11/2020,81_great_excellent_superb_fabulous
84,5,14/11/2020,84_sleep_sleeping_asleep_sleepy
85,2,14/11/2020,85_teacher_teachers_school_malay
86,12,14/11/2020,86_country_countries_world_lanka
87,9,14/11/2020,87_hero_heroes_warrior_brave
88,3,14/11/2020,88_nice_wow_byebye_niceeeee
89,9,14/11/2020,89_snake_pest_python_snakes
90,3,14/11/2020,90_beautiful_lovely_istana_gorgeous
92,5,14/11/2020,92_yes_agree_agreed_totally
93,1,14/11/2020,93_jamus_jam_bagus_cockle
94,88,14/11/2020,94_chute_rubbish_cockroaches_roaches
95,1,14/11/2020,95_moon_halos_venus_mars
96,3,14/11/2020,96_bless_blesses_miracle_woo
97,5,14/11/2020,97_pandemic_fatigue_covid_us
-1,1354,21/11/2020,-1_work_country_well_done
0,587,21/11/2020,0_lim_wong_koh_chan
1,77,21/11/2020,1_parents_son_father_mother
2,46,21/11/2020,2_swag_wer_taxing_gether
3,78,21/11/2020,3_jail_court_justice_judge
4,194,21/11/2020,4_rice_food_cook_restaurant
5,28,21/11/2020,5_parliament_vote_mp_mps
6,44,21/11/2020,6_mask_wear_masks_face
7,17,21/11/2020,7_china_chinese_taiwan_korea
8,14,21/11/2020,8_salary_pay_wage_employers
9,17,21/11/2020,9_healthy_health_bless_wish
10,15,21/11/2020,10_singaporean_singaporeans_proud_blesse...
12,8,21/11/2020,12_police_officers_taser_policemen
13,26,21/11/2020,13_news_media_cnn_reporting
14,20,21/11/2020,14_tour_ktv_place_tours
15,14,21/11/2020,15_flats_rental_rent_housing
16,17,21/11/2020,16_leader_leadership_leaders_great
17,17,21/11/2020,17_buy_sell_sale_selling
18,10,21/11/2020,18_singapura_song_singapor_sing
19,94,21/11/2020,19_condolences_family_condolence_rip
20,7,21/11/2020,20_car_driver_audi_driving
21,18,21/11/2020,21_play_time_soon_soccer
22,19,21/11/2020,22_covid_fight_control_importing
23,3,21/11/2020,23_america_congratulations_wins_congrats
24,8,21/11/2020,24_video_watch_fight_drama
26,11,21/11/2020,26_photos_photo_pictures_picture
27,2,21/11/2020,27_trump_bye_lose_america
28,8,21/11/2020,28_aircon_air_planes_airport
29,13,21/11/2020,29_pray_prayers_bless_prayer
30,7,21/11/2020,30_love_songs_romantic_candid
31,6,21/11/2020,31_singaporean_singaporeans_jobs_pay
32,19,21/11/2020,32_mrs_trading_bitcoin_investing
33,4,21/11/2020,33_thank_appreciate_dedication_contribut...
35,31,21/11/2020,35_imported_cases_import_importing
36,5,21/11/2020,36_money_bank_cash_banks
37,33,21/11/2020,37_laugh_funny_joke_laughing
39,4,21/11/2020,39_japan_abe_san_japanese
40,10,21/11/2020,40_dogs_cats_pet_puppies
41,3,21/11/2020,41_girl_pray_praying_prayers
42,10,21/11/2020,42_singaporean_singaporeans_born_chinese
43,3,21/11/2020,43_music_sound_listen_sounds
44,7,21/11/2020,44_team_teams_thank_work
45,15,21/11/2020,45_stupid_dumb_idiots_stupidity
46,14,21/11/2020,46_shame_shameless_shameful_embarrassing
47,1,21/11/2020,47_pink_wear_colour_purple
48,5,21/11/2020,48_malaysia_brunei_indonesia_malaysian
49,2,21/11/2020,49_religion_islam_muslim_muslims
50,103,21/11/2020,50_boar_boars_animals_pig
51,1,21/11/2020,51_bus_driver_passenger_passengers
52,3,21/11/2020,52_thank_thankyou_information_informativ...
55,1,21/11/2020,55_speech_speeches_speaker_delivered
56,23,21/11/2020,56_virus_infected_viruses_spread
57,5,21/11/2020,57_smoke_smoking_cigarette_ban
58,1,21/11/2020,58_loong_hsien_dear_minister
59,5,21/11/2020,59_iphone_battery_earbuds_charge
61,10,21/11/2020,61_vaccine_vaccines_vaccination_vaccinat...
62,3,21/11/2020,62_cry_crying_tears_cried
63,2,21/11/2020,63_congratulations_congratulationsir_yea...
64,13,21/11/2020,64_sg_luck_sgag_sgunited
66,3,21/11/2020,66_morning_nice_day_everyoneeeee
67,5,21/11/2020,67_smile_children_smiles_hug
68,1,21/11/2020,68_zoo_animals_safari_visited
69,6,21/11/2020,69_kindness_compassion_empathy_caring
70,5,21/11/2020,70_wishes_wish_wishing_family
71,5,21/11/2020,71_minister_prime_ministers_great
72,29,21/11/2020,72_vouchers_voucher_cash_tourism
73,3,21/11/2020,73_wow_stunning_looking_looks
74,1,21/11/2020,74_mooncake_moon_lights_mooncakes
75,9,21/11/2020,75_rip_rbg_rips_ripped
76,7,21/11/2020,76_coast_plan_planner_plans
77,12,21/11/2020,77_never_nothing_stupid_nope
78,6,21/11/2020,78_luck_lucky_chance_prize
79,3,21/11/2020,79_job_jobs_jobless_employed
80,3,21/11/2020,80_sad_sadhu_sadness_depressing
81,2,21/11/2020,81_great_excellent_superb_fabulous
83,5,21/11/2020,83_token_trace_scan_collect
84,5,21/11/2020,84_sleep_sleeping_asleep_sleepy
85,2,21/11/2020,85_teacher_teachers_school_malay
86,5,21/11/2020,86_country_countries_world_lanka
87,18,21/11/2020,87_hero_heroes_warrior_brave
88,6,21/11/2020,88_nice_wow_byebye_niceeeee
90,1,21/11/2020,90_beautiful_lovely_istana_gorgeous
92,7,21/11/2020,92_yes_agree_agreed_totally
93,1,21/11/2020,93_jamus_jam_bagus_cockle
95,4,21/11/2020,95_moon_halos_venus_mars
96,2,21/11/2020,96_bless_blesses_miracle_woo
97,6,21/11/2020,97_pandemic_fatigue_covid_us
-1,817,27/11/2020,-1_work_country_well_done
0,521,27/11/2020,0_lim_wong_koh_chan
1,54,27/11/2020,1_parents_son_father_mother
2,13,27/11/2020,2_swag_wer_taxing_gether
3,49,27/11/2020,3_jail_court_justice_judge
4,22,27/11/2020,4_rice_food_cook_restaurant
5,9,27/11/2020,5_parliament_vote_mp_mps
6,28,27/11/2020,6_mask_wear_masks_face
7,56,27/11/2020,7_china_chinese_taiwan_korea
8,4,27/11/2020,8_salary_pay_wage_employers
9,5,27/11/2020,9_healthy_health_bless_wish
10,6,27/11/2020,10_singaporean_singaporeans_proud_blesse...
12,10,27/11/2020,12_police_officers_taser_policemen
13,17,27/11/2020,13_news_media_cnn_reporting
14,7,27/11/2020,14_tour_ktv_place_tours
15,122,27/11/2020,15_flats_rental_rent_housing
16,7,27/11/2020,16_leader_leadership_leaders_great
17,38,27/11/2020,17_buy_sell_sale_selling
18,5,27/11/2020,18_singapura_song_singapor_sing
19,10,27/11/2020,19_condolences_family_condolence_rip
20,26,27/11/2020,20_car_driver_audi_driving
21,18,27/11/2020,21_play_time_soon_soccer
22,8,27/11/2020,22_covid_fight_control_importing
23,3,27/11/2020,23_america_congratulations_wins_congrats
24,17,27/11/2020,24_video_watch_fight_drama
26,5,27/11/2020,26_photos_photo_pictures_picture
27,8,27/11/2020,27_trump_bye_lose_america
28,11,27/11/2020,28_aircon_air_planes_airport
29,2,27/11/2020,29_pray_prayers_bless_prayer
30,1,27/11/2020,30_love_songs_romantic_candid
31,2,27/11/2020,31_singaporean_singaporeans_jobs_pay
32,11,27/11/2020,32_mrs_trading_bitcoin_investing
33,9,27/11/2020,33_thank_appreciate_dedication_contribut...
35,5,27/11/2020,35_imported_cases_import_importing
36,11,27/11/2020,36_money_bank_cash_banks
37,11,27/11/2020,37_laugh_funny_joke_laughing
39,2,27/11/2020,39_japan_abe_san_japanese
40,23,27/11/2020,40_dogs_cats_pet_puppies
42,2,27/11/2020,42_singaporean_singaporeans_born_chinese
43,6,27/11/2020,43_music_sound_listen_sounds
44,2,27/11/2020,44_team_teams_thank_work
45,10,27/11/2020,45_stupid_dumb_idiots_stupidity
46,16,27/11/2020,46_shame_shameless_shameful_embarrassing
47,2,27/11/2020,47_pink_wear_colour_purple
48,4,27/11/2020,48_malaysia_brunei_indonesia_malaysian
49,5,27/11/2020,49_religion_islam_muslim_muslims
50,7,27/11/2020,50_boar_boars_animals_pig
52,3,27/11/2020,52_thank_thankyou_information_informativ...
54,2,27/11/2020,54_trees_tree_garden_plant
55,1,27/11/2020,55_speech_speeches_speaker_delivered
56,3,27/11/2020,56_virus_infected_viruses_spread
57,2,27/11/2020,57_smoke_smoking_cigarette_ban
58,2,27/11/2020,58_loong_hsien_dear_minister
59,2,27/11/2020,59_iphone_battery_earbuds_charge
61,7,27/11/2020,61_vaccine_vaccines_vaccination_vaccinat...
62,1,27/11/2020,62_cry_crying_tears_cried
64,2,27/11/2020,64_sg_luck_sgag_sgunited
67,3,27/11/2020,67_smile_children_smiles_hug
68,1,27/11/2020,68_zoo_animals_safari_visited
69,1,27/11/2020,69_kindness_compassion_empathy_caring
70,1,27/11/2020,70_wishes_wish_wishing_family
71,4,27/11/2020,71_minister_prime_ministers_great
72,36,27/11/2020,72_vouchers_voucher_cash_tourism
73,1,27/11/2020,73_wow_stunning_looking_looks
74,2,27/11/2020,74_mooncake_moon_lights_mooncakes
75,1,27/11/2020,75_rip_rbg_rips_ripped
76,13,27/11/2020,76_coast_plan_planner_plans
77,5,27/11/2020,77_never_nothing_stupid_nope
78,4,27/11/2020,78_luck_lucky_chance_prize
79,2,27/11/2020,79_job_jobs_jobless_employed
80,4,27/11/2020,80_sad_sadhu_sadness_depressing
81,3,27/11/2020,81_great_excellent_superb_fabulous
83,3,27/11/2020,83_token_trace_scan_collect
84,1,27/11/2020,84_sleep_sleeping_asleep_sleepy
86,2,27/11/2020,86_country_countries_world_lanka
87,2,27/11/2020,87_hero_heroes_warrior_brave
88,1,27/11/2020,88_nice_wow_byebye_niceeeee
89,2,27/11/2020,89_snake_pest_python_snakes
91,1,27/11/2020,91_rainbow_covenant_rainbows_god
92,1,27/11/2020,92_yes_agree_agreed_totally
94,1,27/11/2020,94_chute_rubbish_cockroaches_roaches
95,1,27/11/2020,95_moon_halos_venus_mars
97,2,27/11/2020,97_pandemic_fatigue_covid_us
-1,11,4/12/2020,-1_work_country_well_done
0,7,4/12/2020,0_lim_wong_koh_chan
1,2,4/12/2020,1_parents_son_father_mother
2,2,4/12/2020,2_swag_wer_taxing_gether
3,1,4/12/2020,3_jail_court_justice_judge
4,1,4/12/2020,4_rice_food_cook_restaurant
5,1,4/12/2020,5_parliament_vote_mp_mps
6,3,4/12/2020,6_mask_wear_masks_face
9,1,4/12/2020,9_healthy_health_bless_wish
14,1,4/12/2020,14_tour_ktv_place_tours
16,1,4/12/2020,16_leader_leadership_leaders_great
21,2,4/12/2020,21_play_time_soon_soccer
26,1,4/12/2020,26_photos_photo_pictures_picture
30,1,4/12/2020,30_love_songs_romantic_candid
33,1,4/12/2020,33_thank_appreciate_dedication_contribut...
35,2,4/12/2020,35_imported_cases_import_importing
37,1,4/12/2020,37_laugh_funny_joke_laughing
47,1,4/12/2020,47_pink_wear_colour_purple
49,3,4/12/2020,49_religion_islam_muslim_muslims
51,1,4/12/2020,51_bus_driver_passenger_passengers
79,1,4/12/2020,79_job_jobs_jobless_employed
-1,15,11/12/2020,-1_work_country_well_done
0,3,11/12/2020,0_lim_wong_koh_chan
10,2,11/12/2020,10_singaporean_singaporeans_proud_blesse...
14,1,11/12/2020,14_tour_ktv_place_tours
23,1,11/12/2020,23_america_congratulations_wins_congrats
24,1,11/12/2020,24_video_watch_fight_drama
47,1,11/12/2020,47_pink_wear_colour_purple
49,1,11/12/2020,49_religion_islam_muslim_muslims
58,1,11/12/2020,58_loong_hsien_dear_minister
79,1,11/12/2020,79_job_jobs_jobless_employed
95,1,11/12/2020,95_moon_halos_venus_mars
